ds,y,price_mean,promo_sum,supplier_cost_mean,lead_time_mean,stock_mean,dow,month,year
2022-01-07,987.0,8.902239956791874,0.0,13.34835481204152,7.0,356.0,4,1,2022
2022-01-08,0.0,8.902239956791874,0.0,13.34835481204152,7.0,356.0,5,1,2022
2022-01-09,0.0,8.902239956791874,0.0,13.34835481204152,7.0,356.0,6,1,2022
2022-01-10,0.0,8.902239956791874,0.0,13.34835481204152,7.0,356.0,0,1,2022
2022-01-11,0.0,8.902239956791874,0.0,13.34835481204152,7.0,356.0,1,1,2022
2022-01-12,0.0,8.902239956791874,0.0,13.34835481204152,7.0,356.0,2,1,2022
2022-01-13,0.0,8.902239956791874,0.0,13.34835481204152,7.0,356.0,3,1,2022
2022-01-14,0.0,8.902239956791874,0.0,13.34835481204152,7.0,356.0,4,1,2022
2022-01-15,0.0,8.902239956791874,0.0,13.34835481204152,7.0,356.0,5,1,2022
2022-01-16,0.0,8.902239956791874,0.0,13.34835481204152,7.0,356.0,6,1,2022
2022-01-17,0.0,8.902239956791874,0.0,13.34835481204152,7.0,356.0,0,1,2022
2022-01-18,0.0,8.902239956791874,0.0,13.34835481204152,7.0,356.0,1,1,2022
2022-01-19,0.0,8.902239956791874,0.0,13.34835481204152,7.0,356.0,2,1,2022
2022-01-20,0.0,8.902239956791874,0.0,13.34835481204152,7.0,356.0,3,1,2022
2022-01-21,0.0,8.902239956791874,0.0,13.34835481204152,7.0,356.0,4,1,2022
2022-01-22,0.0,8.902239956791874,0.0,13.34835481204152,7.0,356.0,5,1,2022
2022-01-23,0.0,8.902239956791874,0.0,13.34835481204152,7.0,356.0,6,1,2022
2022-01-24,0.0,8.902239956791874,0.0,13.34835481204152,7.0,356.0,0,1,2022
2022-01-25,0.0,8.902239956791874,0.0,13.34835481204152,7.0,356.0,1,1,2022
2022-01-26,913.0,9.85044333338472,1.0,1.7340005487368877,5.0,337.0,2,1,2022
2022-01-27,0.0,9.85044333338472,0.0,1.7340005487368877,5.0,337.0,3,1,2022
2022-01-28,0.0,9.85044333338472,0.0,1.7340005487368877,5.0,337.0,4,1,2022
2022-01-29,0.0,9.85044333338472,0.0,1.7340005487368877,5.0,337.0,5,1,2022
2022-01-30,0.0,9.85044333338472,0.0,1.7340005487368877,5.0,337.0,6,1,2022
2022-01-31,0.0,9.85044333338472,0.0,1.7340005487368877,5.0,337.0,0,1,2022
2022-02-01,0.0,9.85044333338472,0.0,1.7340005487368877,5.0,337.0,1,2,2022
2022-02-02,0.0,9.85044333338472,0.0,1.7340005487368877,5.0,337.0,2,2,2022
2022-02-03,0.0,9.85044333338472,0.0,1.7340005487368877,5.0,337.0,3,2,2022
2022-02-04,1124.0,8.847592318306244,1.0,2.6354956715053186,3.0,332.0,4,2,2022
2022-02-05,0.0,8.847592318306244,0.0,2.6354956715053186,3.0,332.0,5,2,2022
2022-02-06,0.0,8.847592318306244,0.0,2.6354956715053186,3.0,332.0,6,2,2022
2022-02-07,0.0,8.847592318306244,0.0,2.6354956715053186,3.0,332.0,0,2,2022
2022-02-08,0.0,8.847592318306244,0.0,2.6354956715053186,3.0,332.0,1,2,2022
2022-02-09,0.0,8.847592318306244,0.0,2.6354956715053186,3.0,332.0,2,2,2022
2022-02-10,0.0,8.847592318306244,0.0,2.6354956715053186,3.0,332.0,3,2,2022
2022-02-11,0.0,8.847592318306244,0.0,2.6354956715053186,3.0,332.0,4,2,2022
2022-02-12,0.0,8.847592318306244,0.0,2.6354956715053186,3.0,332.0,5,2,2022
2022-02-13,0.0,8.847592318306244,0.0,2.6354956715053186,3.0,332.0,6,2,2022
2022-02-14,0.0,8.847592318306244,0.0,2.6354956715053186,3.0,332.0,0,2,2022
2022-02-15,0.0,8.847592318306244,0.0,2.6354956715053186,3.0,332.0,1,2,2022
2022-02-16,0.0,8.847592318306244,0.0,2.6354956715053186,3.0,332.0,2,2,2022
2022-02-17,0.0,8.847592318306244,0.0,2.6354956715053186,3.0,332.0,3,2,2022
2022-02-18,0.0,8.847592318306244,0.0,2.6354956715053186,3.0,332.0,4,2,2022
2022-02-19,0.0,8.847592318306244,0.0,2.6354956715053186,3.0,332.0,5,2,2022
2022-02-20,0.0,8.847592318306244,0.0,2.6354956715053186,3.0,332.0,6,2,2022
2022-02-21,0.0,8.847592318306244,0.0,2.6354956715053186,3.0,332.0,0,2,2022
2022-02-22,0.0,8.847592318306244,0.0,2.6354956715053186,3.0,332.0,1,2,2022
2022-02-23,0.0,8.847592318306244,0.0,2.6354956715053186,3.0,332.0,2,2,2022
2022-02-24,0.0,8.847592318306244,0.0,2.6354956715053186,3.0,332.0,3,2,2022
2022-02-25,0.0,8.847592318306244,0.0,2.6354956715053186,3.0,332.0,4,2,2022
2022-02-26,0.0,8.847592318306244,0.0,2.6354956715053186,3.0,332.0,5,2,2022
2022-02-27,0.0,8.847592318306244,0.0,2.6354956715053186,3.0,332.0,6,2,2022
2022-02-28,0.0,8.847592318306244,0.0,2.6354956715053186,3.0,332.0,0,2,2022
2022-03-01,0.0,8.847592318306244,0.0,2.6354956715053186,3.0,332.0,1,3,2022
2022-03-02,0.0,8.847592318306244,0.0,2.6354956715053186,3.0,332.0,2,3,2022
2022-03-03,0.0,8.847592318306244,0.0,2.6354956715053186,3.0,332.0,3,3,2022
2022-03-04,0.0,8.847592318306244,0.0,2.6354956715053186,3.0,332.0,4,3,2022
2022-03-05,0.0,8.847592318306244,0.0,2.6354956715053186,3.0,332.0,5,3,2022
2022-03-06,0.0,8.847592318306244,0.0,2.6354956715053186,3.0,332.0,6,3,2022
2022-03-07,0.0,8.847592318306244,0.0,2.6354956715053186,3.0,332.0,0,3,2022
2022-03-08,0.0,8.847592318306244,0.0,2.6354956715053186,3.0,332.0,1,3,2022
2022-03-09,0.0,8.847592318306244,0.0,2.6354956715053186,3.0,332.0,2,3,2022
2022-03-10,0.0,8.847592318306244,0.0,2.6354956715053186,3.0,332.0,3,3,2022
2022-03-11,0.0,8.847592318306244,0.0,2.6354956715053186,3.0,332.0,4,3,2022
2022-03-12,0.0,8.847592318306244,0.0,2.6354956715053186,3.0,332.0,5,3,2022
2022-03-13,0.0,8.847592318306244,0.0,2.6354956715053186,3.0,332.0,6,3,2022
2022-03-14,0.0,8.847592318306244,0.0,2.6354956715053186,3.0,332.0,0,3,2022
2022-03-15,0.0,8.847592318306244,0.0,2.6354956715053186,3.0,332.0,1,3,2022
2022-03-16,0.0,8.847592318306244,0.0,2.6354956715053186,3.0,332.0,2,3,2022
2022-03-17,0.0,8.847592318306244,0.0,2.6354956715053186,3.0,332.0,3,3,2022
2022-03-18,0.0,8.847592318306244,0.0,2.6354956715053186,3.0,332.0,4,3,2022
2022-03-19,0.0,8.847592318306244,0.0,2.6354956715053186,3.0,332.0,5,3,2022
2022-03-20,0.0,8.847592318306244,0.0,2.6354956715053186,3.0,332.0,6,3,2022
2022-03-21,0.0,8.847592318306244,0.0,2.6354956715053186,3.0,332.0,0,3,2022
2022-03-22,0.0,8.847592318306244,0.0,2.6354956715053186,3.0,332.0,1,3,2022
2022-03-23,0.0,8.847592318306244,0.0,2.6354956715053186,3.0,332.0,2,3,2022
2022-03-24,0.0,8.847592318306244,0.0,2.6354956715053186,3.0,332.0,3,3,2022
2022-03-25,0.0,8.847592318306244,0.0,2.6354956715053186,3.0,332.0,4,3,2022
2022-03-26,0.0,8.847592318306244,0.0,2.6354956715053186,3.0,332.0,5,3,2022
2022-03-27,0.0,8.847592318306244,0.0,2.6354956715053186,3.0,332.0,6,3,2022
2022-03-28,0.0,8.847592318306244,0.0,2.6354956715053186,3.0,332.0,0,3,2022
2022-03-29,0.0,8.847592318306244,0.0,2.6354956715053186,3.0,332.0,1,3,2022
2022-03-30,0.0,8.847592318306244,0.0,2.6354956715053186,3.0,332.0,2,3,2022
2022-03-31,0.0,8.847592318306244,0.0,2.6354956715053186,3.0,332.0,3,3,2022
2022-04-01,0.0,8.847592318306244,0.0,2.6354956715053186,3.0,332.0,4,4,2022
2022-04-02,0.0,8.847592318306244,0.0,2.6354956715053186,3.0,332.0,5,4,2022
2022-04-03,0.0,8.847592318306244,0.0,2.6354956715053186,3.0,332.0,6,4,2022
2022-04-04,0.0,8.847592318306244,0.0,2.6354956715053186,3.0,332.0,0,4,2022
2022-04-05,0.0,8.847592318306244,0.0,2.6354956715053186,3.0,332.0,1,4,2022
2022-04-06,1186.0,7.510416274297391,1.0,7.082853712395636,8.0,328.0,2,4,2022
2022-04-07,0.0,7.510416274297391,0.0,7.082853712395636,8.0,328.0,3,4,2022
2022-04-08,0.0,7.510416274297391,0.0,7.082853712395636,8.0,328.0,4,4,2022
2022-04-09,0.0,7.510416274297391,0.0,7.082853712395636,8.0,328.0,5,4,2022
2022-04-10,0.0,7.510416274297391,0.0,7.082853712395636,8.0,328.0,6,4,2022
2022-04-11,0.0,7.510416274297391,0.0,7.082853712395636,8.0,328.0,0,4,2022
2022-04-12,0.0,7.510416274297391,0.0,7.082853712395636,8.0,328.0,1,4,2022
2022-04-13,0.0,7.510416274297391,0.0,7.082853712395636,8.0,328.0,2,4,2022
2022-04-14,0.0,7.510416274297391,0.0,7.082853712395636,8.0,328.0,3,4,2022
2022-04-15,0.0,7.510416274297391,0.0,7.082853712395636,8.0,328.0,4,4,2022
2022-04-16,0.0,7.510416274297391,0.0,7.082853712395636,8.0,328.0,5,4,2022
2022-04-17,1051.0,5.456664573361745,1.0,8.513602882762848,5.0,234.0,6,4,2022
2022-04-18,0.0,5.456664573361745,0.0,8.513602882762848,5.0,234.0,0,4,2022
2022-04-19,0.0,5.456664573361745,0.0,8.513602882762848,5.0,234.0,1,4,2022
2022-04-20,131.0,13.571014657051789,0.0,2.547741378910667,5.0,155.0,2,4,2022
2022-04-21,0.0,13.571014657051789,0.0,2.547741378910667,5.0,155.0,3,4,2022
2022-04-22,0.0,13.571014657051789,0.0,2.547741378910667,5.0,155.0,4,4,2022
2022-04-23,0.0,13.571014657051789,0.0,2.547741378910667,5.0,155.0,5,4,2022
2022-04-24,0.0,13.571014657051789,0.0,2.547741378910667,5.0,155.0,6,4,2022
2022-04-25,0.0,13.571014657051789,0.0,2.547741378910667,5.0,155.0,0,4,2022
2022-04-26,0.0,13.571014657051789,0.0,2.547741378910667,5.0,155.0,1,4,2022
2022-04-27,0.0,13.571014657051789,0.0,2.547741378910667,5.0,155.0,2,4,2022
2022-04-28,0.0,13.571014657051789,0.0,2.547741378910667,5.0,155.0,3,4,2022
2022-04-29,0.0,13.571014657051789,0.0,2.547741378910667,5.0,155.0,4,4,2022
2022-04-30,0.0,13.571014657051789,0.0,2.547741378910667,5.0,155.0,5,4,2022
2022-05-01,0.0,13.571014657051789,0.0,2.547741378910667,5.0,155.0,6,5,2022
2022-05-02,0.0,13.571014657051789,0.0,2.547741378910667,5.0,155.0,0,5,2022
2022-05-03,0.0,13.571014657051789,0.0,2.547741378910667,5.0,155.0,1,5,2022
2022-05-04,0.0,13.571014657051789,0.0,2.547741378910667,5.0,155.0,2,5,2022
2022-05-05,0.0,13.571014657051789,0.0,2.547741378910667,5.0,155.0,3,5,2022
2022-05-06,0.0,13.571014657051789,0.0,2.547741378910667,5.0,155.0,4,5,2022
2022-05-07,0.0,13.571014657051789,0.0,2.547741378910667,5.0,155.0,5,5,2022
2022-05-08,0.0,13.571014657051789,0.0,2.547741378910667,5.0,155.0,6,5,2022
2022-05-09,0.0,13.571014657051789,0.0,2.547741378910667,5.0,155.0,0,5,2022
2022-05-10,0.0,13.571014657051789,0.0,2.547741378910667,5.0,155.0,1,5,2022
2022-05-11,0.0,13.571014657051789,0.0,2.547741378910667,5.0,155.0,2,5,2022
2022-05-12,0.0,13.571014657051789,0.0,2.547741378910667,5.0,155.0,3,5,2022
2022-05-13,0.0,13.571014657051789,0.0,2.547741378910667,5.0,155.0,4,5,2022
2022-05-14,0.0,13.571014657051789,0.0,2.547741378910667,5.0,155.0,5,5,2022
2022-05-15,1767.0,3.073083003549245,1.0,4.317086524511162,7.0,228.0,6,5,2022
2022-05-16,0.0,3.073083003549245,0.0,4.317086524511162,7.0,228.0,0,5,2022
2022-05-17,0.0,3.073083003549245,0.0,4.317086524511162,7.0,228.0,1,5,2022
2022-05-18,0.0,3.073083003549245,0.0,4.317086524511162,7.0,228.0,2,5,2022
2022-05-19,0.0,3.073083003549245,0.0,4.317086524511162,7.0,228.0,3,5,2022
2022-05-20,0.0,3.073083003549245,0.0,4.317086524511162,7.0,228.0,4,5,2022
2022-05-21,0.0,3.073083003549245,0.0,4.317086524511162,7.0,228.0,5,5,2022
2022-05-22,0.0,3.073083003549245,0.0,4.317086524511162,7.0,228.0,6,5,2022
2022-05-23,0.0,3.073083003549245,0.0,4.317086524511162,7.0,228.0,0,5,2022
2022-05-24,0.0,3.073083003549245,0.0,4.317086524511162,7.0,228.0,1,5,2022
2022-05-25,0.0,3.073083003549245,0.0,4.317086524511162,7.0,228.0,2,5,2022
2022-05-26,0.0,3.073083003549245,0.0,4.317086524511162,7.0,228.0,3,5,2022
2022-05-27,0.0,3.073083003549245,0.0,4.317086524511162,7.0,228.0,4,5,2022
2022-05-28,1599.0,12.97396621825374,0.0,4.726183245660011,3.0,123.0,5,5,2022
2022-05-29,0.0,12.97396621825374,0.0,4.726183245660011,3.0,123.0,6,5,2022
2022-05-30,0.0,12.97396621825374,0.0,4.726183245660011,3.0,123.0,0,5,2022
2022-05-31,0.0,12.97396621825374,0.0,4.726183245660011,3.0,123.0,1,5,2022
2022-06-01,0.0,12.97396621825374,0.0,4.726183245660011,3.0,123.0,2,6,2022
2022-06-02,0.0,12.97396621825374,0.0,4.726183245660011,3.0,123.0,3,6,2022
2022-06-03,0.0,12.97396621825374,0.0,4.726183245660011,3.0,123.0,4,6,2022
2022-06-04,0.0,12.97396621825374,0.0,4.726183245660011,3.0,123.0,5,6,2022
2022-06-05,0.0,12.97396621825374,0.0,4.726183245660011,3.0,123.0,6,6,2022
2022-06-06,0.0,12.97396621825374,0.0,4.726183245660011,3.0,123.0,0,6,2022
2022-06-07,0.0,12.97396621825374,0.0,4.726183245660011,3.0,123.0,1,6,2022
2022-06-08,0.0,12.97396621825374,0.0,4.726183245660011,3.0,123.0,2,6,2022
2022-06-09,0.0,12.97396621825374,0.0,4.726183245660011,3.0,123.0,3,6,2022
2022-06-10,0.0,12.97396621825374,0.0,4.726183245660011,3.0,123.0,4,6,2022
2022-06-11,0.0,12.97396621825374,0.0,4.726183245660011,3.0,123.0,5,6,2022
2022-06-12,0.0,12.97396621825374,0.0,4.726183245660011,3.0,123.0,6,6,2022
2022-06-13,0.0,12.97396621825374,0.0,4.726183245660011,3.0,123.0,0,6,2022
2022-06-14,0.0,12.97396621825374,0.0,4.726183245660011,3.0,123.0,1,6,2022
2022-06-15,0.0,12.97396621825374,0.0,4.726183245660011,3.0,123.0,2,6,2022
2022-06-16,0.0,12.97396621825374,0.0,4.726183245660011,3.0,123.0,3,6,2022
2022-06-17,0.0,12.97396621825374,0.0,4.726183245660011,3.0,123.0,4,6,2022
2022-06-18,0.0,12.97396621825374,0.0,4.726183245660011,3.0,123.0,5,6,2022
2022-06-19,0.0,12.97396621825374,0.0,4.726183245660011,3.0,123.0,6,6,2022
2022-06-20,0.0,12.97396621825374,0.0,4.726183245660011,3.0,123.0,0,6,2022
2022-06-21,0.0,12.97396621825374,0.0,4.726183245660011,3.0,123.0,1,6,2022
2022-06-22,0.0,12.97396621825374,0.0,4.726183245660011,3.0,123.0,2,6,2022
2022-06-23,0.0,12.97396621825374,0.0,4.726183245660011,3.0,123.0,3,6,2022
2022-06-24,0.0,12.97396621825374,0.0,4.726183245660011,3.0,123.0,4,6,2022
2022-06-25,0.0,12.97396621825374,0.0,4.726183245660011,3.0,123.0,5,6,2022
2022-06-26,0.0,12.97396621825374,0.0,4.726183245660011,3.0,123.0,6,6,2022
2022-06-27,0.0,12.97396621825374,0.0,4.726183245660011,3.0,123.0,0,6,2022
2022-06-28,0.0,12.97396621825374,0.0,4.726183245660011,3.0,123.0,1,6,2022
2022-06-29,0.0,12.97396621825374,0.0,4.726183245660011,3.0,123.0,2,6,2022
2022-06-30,0.0,12.97396621825374,0.0,4.726183245660011,3.0,123.0,3,6,2022
2022-07-01,0.0,12.97396621825374,0.0,4.726183245660011,3.0,123.0,4,7,2022
2022-07-02,0.0,12.97396621825374,0.0,4.726183245660011,3.0,123.0,5,7,2022
2022-07-03,0.0,12.97396621825374,0.0,4.726183245660011,3.0,123.0,6,7,2022
2022-07-04,0.0,12.97396621825374,0.0,4.726183245660011,3.0,123.0,0,7,2022
2022-07-05,0.0,12.97396621825374,0.0,4.726183245660011,3.0,123.0,1,7,2022
2022-07-06,0.0,12.97396621825374,0.0,4.726183245660011,3.0,123.0,2,7,2022
2022-07-07,0.0,12.97396621825374,0.0,4.726183245660011,3.0,123.0,3,7,2022
2022-07-08,0.0,12.97396621825374,0.0,4.726183245660011,3.0,123.0,4,7,2022
2022-07-09,0.0,12.97396621825374,0.0,4.726183245660011,3.0,123.0,5,7,2022
2022-07-10,0.0,12.97396621825374,0.0,4.726183245660011,3.0,123.0,6,7,2022
2022-07-11,0.0,12.97396621825374,0.0,4.726183245660011,3.0,123.0,0,7,2022
2022-07-12,0.0,12.97396621825374,0.0,4.726183245660011,3.0,123.0,1,7,2022
2022-07-13,0.0,12.97396621825374,0.0,4.726183245660011,3.0,123.0,2,7,2022
2022-07-14,0.0,12.97396621825374,0.0,4.726183245660011,3.0,123.0,3,7,2022
2022-07-15,1747.0,8.598198929278968,1.0,13.972598399569469,9.0,290.0,4,7,2022
2022-07-16,0.0,8.598198929278968,0.0,13.972598399569469,9.0,290.0,5,7,2022
2022-07-17,0.0,8.598198929278968,0.0,13.972598399569469,9.0,290.0,6,7,2022
2022-07-18,0.0,8.598198929278968,0.0,13.972598399569469,9.0,290.0,0,7,2022
2022-07-19,0.0,8.598198929278968,0.0,13.972598399569469,9.0,290.0,1,7,2022
2022-07-20,0.0,8.598198929278968,0.0,13.972598399569469,9.0,290.0,2,7,2022
2022-07-21,0.0,8.598198929278968,0.0,13.972598399569469,9.0,290.0,3,7,2022
2022-07-22,0.0,8.598198929278968,0.0,13.972598399569469,9.0,290.0,4,7,2022
2022-07-23,0.0,8.598198929278968,0.0,13.972598399569469,9.0,290.0,5,7,2022
2022-07-24,0.0,8.598198929278968,0.0,13.972598399569469,9.0,290.0,6,7,2022
2022-07-25,0.0,8.598198929278968,0.0,13.972598399569469,9.0,290.0,0,7,2022
2022-07-26,0.0,8.598198929278968,0.0,13.972598399569469,9.0,290.0,1,7,2022
2022-07-27,1122.0,9.066021078730875,1.0,14.03147377250994,3.0,416.0,2,7,2022
2022-07-28,0.0,9.066021078730875,0.0,14.03147377250994,3.0,416.0,3,7,2022
2022-07-29,0.0,9.066021078730875,0.0,14.03147377250994,3.0,416.0,4,7,2022
2022-07-30,0.0,9.066021078730875,0.0,14.03147377250994,3.0,416.0,5,7,2022
2022-07-31,0.0,9.066021078730875,0.0,14.03147377250994,3.0,416.0,6,7,2022
2022-08-01,0.0,9.066021078730875,0.0,14.03147377250994,3.0,416.0,0,8,2022
2022-08-02,0.0,9.066021078730875,0.0,14.03147377250994,3.0,416.0,1,8,2022
2022-08-03,360.0,13.121718910072657,0.0,13.330399206592062,2.0,445.0,2,8,2022
2022-08-04,904.0,10.7883282363409,1.0,11.2164711511209,6.0,265.0,3,8,2022
2022-08-05,0.0,10.7883282363409,0.0,11.2164711511209,6.0,265.0,4,8,2022
2022-08-06,0.0,10.7883282363409,0.0,11.2164711511209,6.0,265.0,5,8,2022
2022-08-07,0.0,10.7883282363409,0.0,11.2164711511209,6.0,265.0,6,8,2022
2022-08-08,0.0,10.7883282363409,0.0,11.2164711511209,6.0,265.0,0,8,2022
2022-08-09,0.0,10.7883282363409,0.0,11.2164711511209,6.0,265.0,1,8,2022
2022-08-10,0.0,10.7883282363409,0.0,11.2164711511209,6.0,265.0,2,8,2022
2022-08-11,0.0,10.7883282363409,0.0,11.2164711511209,6.0,265.0,3,8,2022
2022-08-12,0.0,10.7883282363409,0.0,11.2164711511209,6.0,265.0,4,8,2022
2022-08-13,0.0,10.7883282363409,0.0,11.2164711511209,6.0,265.0,5,8,2022
2022-08-14,0.0,10.7883282363409,0.0,11.2164711511209,6.0,265.0,6,8,2022
2022-08-15,0.0,10.7883282363409,0.0,11.2164711511209,6.0,265.0,0,8,2022
2022-08-16,0.0,10.7883282363409,0.0,11.2164711511209,6.0,265.0,1,8,2022
2022-08-17,0.0,10.7883282363409,0.0,11.2164711511209,6.0,265.0,2,8,2022
2022-08-18,0.0,10.7883282363409,0.0,11.2164711511209,6.0,265.0,3,8,2022
2022-08-19,0.0,10.7883282363409,0.0,11.2164711511209,6.0,265.0,4,8,2022
2022-08-20,0.0,10.7883282363409,0.0,11.2164711511209,6.0,265.0,5,8,2022
2022-08-21,0.0,10.7883282363409,0.0,11.2164711511209,6.0,265.0,6,8,2022
2022-08-22,0.0,10.7883282363409,0.0,11.2164711511209,6.0,265.0,0,8,2022
2022-08-23,0.0,10.7883282363409,0.0,11.2164711511209,6.0,265.0,1,8,2022
2022-08-24,0.0,10.7883282363409,0.0,11.2164711511209,6.0,265.0,2,8,2022
2022-08-25,0.0,10.7883282363409,0.0,11.2164711511209,6.0,265.0,3,8,2022
2022-08-26,0.0,10.7883282363409,0.0,11.2164711511209,6.0,265.0,4,8,2022
2022-08-27,0.0,10.7883282363409,0.0,11.2164711511209,6.0,265.0,5,8,2022
2022-08-28,0.0,10.7883282363409,0.0,11.2164711511209,6.0,265.0,6,8,2022
2022-08-29,625.0,5.374677200129529,1.0,14.537107531035636,6.0,431.0,0,8,2022
2022-08-30,0.0,5.374677200129529,0.0,14.537107531035636,6.0,431.0,1,8,2022
2022-08-31,0.0,5.374677200129529,0.0,14.537107531035636,6.0,431.0,2,8,2022
2022-09-01,0.0,5.374677200129529,0.0,14.537107531035636,6.0,431.0,3,9,2022
2022-09-02,1404.0,13.00829423438795,0.0,7.328923660303635,9.0,443.0,4,9,2022
2022-09-03,1482.0,2.110637668062524,0.0,10.097747673236666,8.0,411.0,5,9,2022
2022-09-04,0.0,2.110637668062524,0.0,10.097747673236666,8.0,411.0,6,9,2022
2022-09-05,0.0,2.110637668062524,0.0,10.097747673236666,8.0,411.0,0,9,2022
2022-09-06,0.0,2.110637668062524,0.0,10.097747673236666,8.0,411.0,1,9,2022
2022-09-07,0.0,2.110637668062524,0.0,10.097747673236666,8.0,411.0,2,9,2022
2022-09-08,0.0,2.110637668062524,0.0,10.097747673236666,8.0,411.0,3,9,2022
2022-09-09,0.0,2.110637668062524,0.0,10.097747673236666,8.0,411.0,4,9,2022
2022-09-10,0.0,2.110637668062524,0.0,10.097747673236666,8.0,411.0,5,9,2022
2022-09-11,541.0,1.3006007435460665,1.0,0.599730452184915,1.0,376.0,6,9,2022
2022-09-12,0.0,1.3006007435460665,0.0,0.599730452184915,1.0,376.0,0,9,2022
2022-09-13,0.0,1.3006007435460665,0.0,0.599730452184915,1.0,376.0,1,9,2022
2022-09-14,0.0,1.3006007435460665,0.0,0.599730452184915,1.0,376.0,2,9,2022
2022-09-15,0.0,1.3006007435460665,0.0,0.599730452184915,1.0,376.0,3,9,2022
2022-09-16,0.0,1.3006007435460665,0.0,0.599730452184915,1.0,376.0,4,9,2022
2022-09-17,0.0,1.3006007435460665,0.0,0.599730452184915,1.0,376.0,5,9,2022
2022-09-18,0.0,1.3006007435460665,0.0,0.599730452184915,1.0,376.0,6,9,2022
2022-09-19,0.0,1.3006007435460665,0.0,0.599730452184915,1.0,376.0,0,9,2022
2022-09-20,0.0,1.3006007435460665,0.0,0.599730452184915,1.0,376.0,1,9,2022
2022-09-21,0.0,1.3006007435460665,0.0,0.599730452184915,1.0,376.0,2,9,2022
2022-09-22,0.0,1.3006007435460665,0.0,0.599730452184915,1.0,376.0,3,9,2022
2022-09-23,0.0,1.3006007435460665,0.0,0.599730452184915,1.0,376.0,4,9,2022
2022-09-24,0.0,1.3006007435460665,0.0,0.599730452184915,1.0,376.0,5,9,2022
2022-09-25,0.0,1.3006007435460665,0.0,0.599730452184915,1.0,376.0,6,9,2022
2022-09-26,0.0,1.3006007435460665,0.0,0.599730452184915,1.0,376.0,0,9,2022
2022-09-27,0.0,1.3006007435460665,0.0,0.599730452184915,1.0,376.0,1,9,2022
2022-09-28,1800.0,2.3287005084792485,1.0,11.156424787225966,5.0,375.0,2,9,2022
2022-09-29,0.0,2.3287005084792485,0.0,11.156424787225966,5.0,375.0,3,9,2022
2022-09-30,0.0,2.3287005084792485,0.0,11.156424787225966,5.0,375.0,4,9,2022
2022-10-01,0.0,2.3287005084792485,0.0,11.156424787225966,5.0,375.0,5,10,2022
2022-10-02,0.0,2.3287005084792485,0.0,11.156424787225966,5.0,375.0,6,10,2022
2022-10-03,1722.0,5.3857545939262295,1.0,9.143188350955436,2.0,119.0,0,10,2022
2022-10-04,0.0,5.3857545939262295,0.0,9.143188350955436,2.0,119.0,1,10,2022
2022-10-05,0.0,5.3857545939262295,0.0,9.143188350955436,2.0,119.0,2,10,2022
2022-10-06,0.0,5.3857545939262295,0.0,9.143188350955436,2.0,119.0,3,10,2022
2022-10-07,126.0,8.191052046231512,0.0,8.427087390045887,6.0,389.0,4,10,2022
2022-10-08,0.0,8.191052046231512,0.0,8.427087390045887,6.0,389.0,5,10,2022
2022-10-09,0.0,8.191052046231512,0.0,8.427087390045887,6.0,389.0,6,10,2022
2022-10-10,0.0,8.191052046231512,0.0,8.427087390045887,6.0,389.0,0,10,2022
2022-10-11,0.0,8.191052046231512,0.0,8.427087390045887,6.0,389.0,1,10,2022
2022-10-12,0.0,8.191052046231512,0.0,8.427087390045887,6.0,389.0,2,10,2022
2022-10-13,0.0,8.191052046231512,0.0,8.427087390045887,6.0,389.0,3,10,2022
2022-10-14,0.0,8.191052046231512,0.0,8.427087390045887,6.0,389.0,4,10,2022
2022-10-15,0.0,8.191052046231512,0.0,8.427087390045887,6.0,389.0,5,10,2022
2022-10-16,920.0,15.341918578876108,1.0,13.526603765468506,1.0,101.0,6,10,2022
2022-10-17,0.0,15.341918578876108,0.0,13.526603765468506,1.0,101.0,0,10,2022
2022-10-18,0.0,15.341918578876108,0.0,13.526603765468506,1.0,101.0,1,10,2022
2022-10-19,0.0,15.341918578876108,0.0,13.526603765468506,1.0,101.0,2,10,2022
2022-10-20,0.0,15.341918578876108,0.0,13.526603765468506,1.0,101.0,3,10,2022
2022-10-21,0.0,15.341918578876108,0.0,13.526603765468506,1.0,101.0,4,10,2022
2022-10-22,0.0,15.341918578876108,0.0,13.526603765468506,1.0,101.0,5,10,2022
2022-10-23,0.0,15.341918578876108,0.0,13.526603765468506,1.0,101.0,6,10,2022
2022-10-24,0.0,15.341918578876108,0.0,13.526603765468506,1.0,101.0,0,10,2022
2022-10-25,0.0,15.341918578876108,0.0,13.526603765468506,1.0,101.0,1,10,2022
2022-10-26,0.0,15.341918578876108,0.0,13.526603765468506,1.0,101.0,2,10,2022
2022-10-27,0.0,15.341918578876108,0.0,13.526603765468506,1.0,101.0,3,10,2022
2022-10-28,0.0,15.341918578876108,0.0,13.526603765468506,1.0,101.0,4,10,2022
2022-10-29,0.0,15.341918578876108,0.0,13.526603765468506,1.0,101.0,5,10,2022
2022-10-30,0.0,15.341918578876108,0.0,13.526603765468506,1.0,101.0,6,10,2022
2022-10-31,0.0,15.341918578876108,0.0,13.526603765468506,1.0,101.0,0,10,2022
2022-11-01,1828.0,13.759610428647708,1.0,10.05140576154182,1.0,172.0,1,11,2022
2022-11-02,0.0,13.759610428647708,0.0,10.05140576154182,1.0,172.0,2,11,2022
2022-11-03,0.0,13.759610428647708,0.0,10.05140576154182,1.0,172.0,3,11,2022
2022-11-04,0.0,13.759610428647708,0.0,10.05140576154182,1.0,172.0,4,11,2022
2022-11-05,0.0,13.759610428647708,0.0,10.05140576154182,1.0,172.0,5,11,2022
2022-11-06,0.0,13.759610428647708,0.0,10.05140576154182,1.0,172.0,6,11,2022
2022-11-07,0.0,13.759610428647708,0.0,10.05140576154182,1.0,172.0,0,11,2022
2022-11-08,0.0,13.759610428647708,0.0,10.05140576154182,1.0,172.0,1,11,2022
2022-11-09,0.0,13.759610428647708,0.0,10.05140576154182,1.0,172.0,2,11,2022
2022-11-10,0.0,13.759610428647708,0.0,10.05140576154182,1.0,172.0,3,11,2022
2022-11-11,0.0,13.759610428647708,0.0,10.05140576154182,1.0,172.0,4,11,2022
2022-11-12,0.0,13.759610428647708,0.0,10.05140576154182,1.0,172.0,5,11,2022
2022-11-13,775.0,8.237280984708757,0.0,5.539022532049442,2.0,51.0,6,11,2022
2022-11-14,0.0,8.237280984708757,0.0,5.539022532049442,2.0,51.0,0,11,2022
2022-11-15,0.0,8.237280984708757,0.0,5.539022532049442,2.0,51.0,1,11,2022
2022-11-16,0.0,8.237280984708757,0.0,5.539022532049442,2.0,51.0,2,11,2022
2022-11-17,0.0,8.237280984708757,0.0,5.539022532049442,2.0,51.0,3,11,2022
2022-11-18,0.0,8.237280984708757,0.0,5.539022532049442,2.0,51.0,4,11,2022
2022-11-19,0.0,8.237280984708757,0.0,5.539022532049442,2.0,51.0,5,11,2022
2022-11-20,0.0,8.237280984708757,0.0,5.539022532049442,2.0,51.0,6,11,2022
2022-11-21,0.0,8.237280984708757,0.0,5.539022532049442,2.0,51.0,0,11,2022
2022-11-22,0.0,8.237280984708757,0.0,5.539022532049442,2.0,51.0,1,11,2022
2022-11-23,0.0,8.237280984708757,0.0,5.539022532049442,2.0,51.0,2,11,2022
2022-11-24,0.0,8.237280984708757,0.0,5.539022532049442,2.0,51.0,3,11,2022
2022-11-25,0.0,8.237280984708757,0.0,5.539022532049442,2.0,51.0,4,11,2022
2022-11-26,0.0,8.237280984708757,0.0,5.539022532049442,2.0,51.0,5,11,2022
2022-11-27,1435.0,8.54639677115501,0.0,5.757117050106871,2.0,396.0,6,11,2022
2022-11-28,0.0,8.54639677115501,0.0,5.757117050106871,2.0,396.0,0,11,2022
2022-11-29,0.0,8.54639677115501,0.0,5.757117050106871,2.0,396.0,1,11,2022
2022-11-30,0.0,8.54639677115501,0.0,5.757117050106871,2.0,396.0,2,11,2022
2022-12-01,0.0,8.54639677115501,0.0,5.757117050106871,2.0,396.0,3,12,2022
2022-12-02,0.0,8.54639677115501,0.0,5.757117050106871,2.0,396.0,4,12,2022
2022-12-03,0.0,8.54639677115501,0.0,5.757117050106871,2.0,396.0,5,12,2022
2022-12-04,0.0,8.54639677115501,0.0,5.757117050106871,2.0,396.0,6,12,2022
2022-12-05,0.0,8.54639677115501,0.0,5.757117050106871,2.0,396.0,0,12,2022
2022-12-06,0.0,8.54639677115501,0.0,5.757117050106871,2.0,396.0,1,12,2022
2022-12-07,0.0,8.54639677115501,0.0,5.757117050106871,2.0,396.0,2,12,2022
2022-12-08,0.0,8.54639677115501,0.0,5.757117050106871,2.0,396.0,3,12,2022
2022-12-09,1630.0,5.248674255429914,0.0,6.076860601692139,6.0,275.0,4,12,2022
2022-12-10,0.0,5.248674255429914,0.0,6.076860601692139,6.0,275.0,5,12,2022
2022-12-11,0.0,5.248674255429914,0.0,6.076860601692139,6.0,275.0,6,12,2022
2022-12-12,0.0,5.248674255429914,0.0,6.076860601692139,6.0,275.0,0,12,2022
2022-12-13,253.0,11.928103659435871,0.0,2.2203346032529145,7.0,203.0,1,12,2022
2022-12-14,0.0,11.928103659435871,0.0,2.2203346032529145,7.0,203.0,2,12,2022
2022-12-15,0.0,11.928103659435871,0.0,2.2203346032529145,7.0,203.0,3,12,2022
2022-12-16,0.0,11.928103659435871,0.0,2.2203346032529145,7.0,203.0,4,12,2022
2022-12-17,0.0,11.928103659435871,0.0,2.2203346032529145,7.0,203.0,5,12,2022
2022-12-18,0.0,11.928103659435871,0.0,2.2203346032529145,7.0,203.0,6,12,2022
2022-12-19,0.0,11.928103659435871,0.0,2.2203346032529145,7.0,203.0,0,12,2022
2022-12-20,0.0,11.928103659435871,0.0,2.2203346032529145,7.0,203.0,1,12,2022
2022-12-21,0.0,11.928103659435871,0.0,2.2203346032529145,7.0,203.0,2,12,2022
2022-12-22,160.0,16.678814580895796,0.0,14.581688156840144,9.0,228.0,3,12,2022
2022-12-23,0.0,16.678814580895796,0.0,14.581688156840144,9.0,228.0,4,12,2022
2022-12-24,0.0,16.678814580895796,0.0,14.581688156840144,9.0,228.0,5,12,2022
2022-12-25,0.0,16.678814580895796,0.0,14.581688156840144,9.0,228.0,6,12,2022
2022-12-26,0.0,16.678814580895796,0.0,14.581688156840144,9.0,228.0,0,12,2022
2022-12-27,0.0,16.678814580895796,0.0,14.581688156840144,9.0,228.0,1,12,2022
2022-12-28,0.0,16.678814580895796,0.0,14.581688156840144,9.0,228.0,2,12,2022
2022-12-29,0.0,16.678814580895796,0.0,14.581688156840144,9.0,228.0,3,12,2022
2022-12-30,0.0,16.678814580895796,0.0,14.581688156840144,9.0,228.0,4,12,2022
2022-12-31,0.0,16.678814580895796,0.0,14.581688156840144,9.0,228.0,5,12,2022
2023-01-01,0.0,16.678814580895796,0.0,14.581688156840144,9.0,228.0,6,1,2023
2023-01-02,0.0,16.678814580895796,0.0,14.581688156840144,9.0,228.0,0,1,2023
2023-01-03,0.0,16.678814580895796,0.0,14.581688156840144,9.0,228.0,1,1,2023
2023-01-04,0.0,16.678814580895796,0.0,14.581688156840144,9.0,228.0,2,1,2023
2023-01-05,0.0,16.678814580895796,0.0,14.581688156840144,9.0,228.0,3,1,2023
2023-01-06,0.0,16.678814580895796,0.0,14.581688156840144,9.0,228.0,4,1,2023
2023-01-07,0.0,16.678814580895796,0.0,14.581688156840144,9.0,228.0,5,1,2023
2023-01-08,0.0,16.678814580895796,0.0,14.581688156840144,9.0,228.0,6,1,2023
2023-01-09,0.0,16.678814580895796,0.0,14.581688156840144,9.0,228.0,0,1,2023
2023-01-10,0.0,16.678814580895796,0.0,14.581688156840144,9.0,228.0,1,1,2023
2023-01-11,0.0,16.678814580895796,0.0,14.581688156840144,9.0,228.0,2,1,2023
2023-01-12,0.0,16.678814580895796,0.0,14.581688156840144,9.0,228.0,3,1,2023
2023-01-13,0.0,16.678814580895796,0.0,14.581688156840144,9.0,228.0,4,1,2023
2023-01-14,0.0,16.678814580895796,0.0,14.581688156840144,9.0,228.0,5,1,2023
2023-01-15,0.0,16.678814580895796,0.0,14.581688156840144,9.0,228.0,6,1,2023
2023-01-16,0.0,16.678814580895796,0.0,14.581688156840144,9.0,228.0,0,1,2023
2023-01-17,0.0,16.678814580895796,0.0,14.581688156840144,9.0,228.0,1,1,2023
2023-01-18,0.0,16.678814580895796,0.0,14.581688156840144,9.0,228.0,2,1,2023
2023-01-19,0.0,16.678814580895796,0.0,14.581688156840144,9.0,228.0,3,1,2023
2023-01-20,0.0,16.678814580895796,0.0,14.581688156840144,9.0,228.0,4,1,2023
2023-01-21,0.0,16.678814580895796,0.0,14.581688156840144,9.0,228.0,5,1,2023
2023-01-22,0.0,16.678814580895796,0.0,14.581688156840144,9.0,228.0,6,1,2023
2023-01-23,0.0,16.678814580895796,0.0,14.581688156840144,9.0,228.0,0,1,2023
2023-01-24,0.0,16.678814580895796,0.0,14.581688156840144,9.0,228.0,1,1,2023
2023-01-25,0.0,16.678814580895796,0.0,14.581688156840144,9.0,228.0,2,1,2023
2023-01-26,0.0,16.678814580895796,0.0,14.581688156840144,9.0,228.0,3,1,2023
2023-01-27,0.0,16.678814580895796,0.0,14.581688156840144,9.0,228.0,4,1,2023
2023-01-28,0.0,16.678814580895796,0.0,14.581688156840144,9.0,228.0,5,1,2023
2023-01-29,0.0,16.678814580895796,0.0,14.581688156840144,9.0,228.0,6,1,2023
2023-01-30,0.0,16.678814580895796,0.0,14.581688156840144,9.0,228.0,0,1,2023
2023-01-31,0.0,16.678814580895796,0.0,14.581688156840144,9.0,228.0,1,1,2023
2023-02-01,0.0,16.678814580895796,0.0,14.581688156840144,9.0,228.0,2,2,2023
2023-02-02,1660.0,16.04977904145032,0.0,9.632399489303262,3.0,118.0,3,2,2023
2023-02-03,0.0,16.04977904145032,0.0,9.632399489303262,3.0,118.0,4,2,2023
2023-02-04,0.0,16.04977904145032,0.0,9.632399489303262,3.0,118.0,5,2,2023
2023-02-05,1391.0,7.730488568450716,0.0,8.203763266088513,1.0,467.0,6,2,2023
2023-02-06,0.0,7.730488568450716,0.0,8.203763266088513,1.0,467.0,0,2,2023
2023-02-07,0.0,7.730488568450716,0.0,8.203763266088513,1.0,467.0,1,2,2023
2023-02-08,0.0,7.730488568450716,0.0,8.203763266088513,1.0,467.0,2,2,2023
2023-02-09,0.0,7.730488568450716,0.0,8.203763266088513,1.0,467.0,3,2,2023
2023-02-10,0.0,7.730488568450716,0.0,8.203763266088513,1.0,467.0,4,2,2023
2023-02-11,0.0,7.730488568450716,0.0,8.203763266088513,1.0,467.0,5,2,2023
2023-02-12,0.0,7.730488568450716,0.0,8.203763266088513,1.0,467.0,6,2,2023
2023-02-13,0.0,7.730488568450716,0.0,8.203763266088513,1.0,467.0,0,2,2023
2023-02-14,0.0,7.730488568450716,0.0,8.203763266088513,1.0,467.0,1,2,2023
2023-02-15,0.0,7.730488568450716,0.0,8.203763266088513,1.0,467.0,2,2,2023
2023-02-16,0.0,7.730488568450716,0.0,8.203763266088513,1.0,467.0,3,2,2023
2023-02-17,0.0,7.730488568450716,0.0,8.203763266088513,1.0,467.0,4,2,2023
2023-02-18,0.0,7.730488568450716,0.0,8.203763266088513,1.0,467.0,5,2,2023
2023-02-19,0.0,7.730488568450716,0.0,8.203763266088513,1.0,467.0,6,2,2023
2023-02-20,0.0,7.730488568450716,0.0,8.203763266088513,1.0,467.0,0,2,2023
2023-02-21,0.0,7.730488568450716,0.0,8.203763266088513,1.0,467.0,1,2,2023
2023-02-22,0.0,7.730488568450716,0.0,8.203763266088513,1.0,467.0,2,2,2023
2023-02-23,0.0,7.730488568450716,0.0,8.203763266088513,1.0,467.0,3,2,2023
2023-02-24,0.0,7.730488568450716,0.0,8.203763266088513,1.0,467.0,4,2,2023
2023-02-25,0.0,7.730488568450716,0.0,8.203763266088513,1.0,467.0,5,2,2023
2023-02-26,0.0,7.730488568450716,0.0,8.203763266088513,1.0,467.0,6,2,2023
2023-02-27,0.0,7.730488568450716,0.0,8.203763266088513,1.0,467.0,0,2,2023
2023-02-28,0.0,7.730488568450716,0.0,8.203763266088513,1.0,467.0,1,2,2023
2023-03-01,0.0,7.730488568450716,0.0,8.203763266088513,1.0,467.0,2,3,2023
2023-03-02,0.0,7.730488568450716,0.0,8.203763266088513,1.0,467.0,3,3,2023
2023-03-03,0.0,7.730488568450716,0.0,8.203763266088513,1.0,467.0,4,3,2023
2023-03-04,0.0,7.730488568450716,0.0,8.203763266088513,1.0,467.0,5,3,2023
2023-03-05,0.0,7.730488568450716,0.0,8.203763266088513,1.0,467.0,6,3,2023
2023-03-06,0.0,7.730488568450716,0.0,8.203763266088513,1.0,467.0,0,3,2023
2023-03-07,0.0,7.730488568450716,0.0,8.203763266088513,1.0,467.0,1,3,2023
2023-03-08,0.0,7.730488568450716,0.0,8.203763266088513,1.0,467.0,2,3,2023
2023-03-09,0.0,7.730488568450716,0.0,8.203763266088513,1.0,467.0,3,3,2023
2023-03-10,0.0,7.730488568450716,0.0,8.203763266088513,1.0,467.0,4,3,2023
2023-03-11,0.0,7.730488568450716,0.0,8.203763266088513,1.0,467.0,5,3,2023
2023-03-12,0.0,7.730488568450716,0.0,8.203763266088513,1.0,467.0,6,3,2023
2023-03-13,0.0,7.730488568450716,0.0,8.203763266088513,1.0,467.0,0,3,2023
2023-03-14,714.0,13.515150777941429,0.0,10.476660577574869,3.0,257.0,1,3,2023
2023-03-15,0.0,13.515150777941429,0.0,10.476660577574869,3.0,257.0,2,3,2023
2023-03-16,0.0,13.515150777941429,0.0,10.476660577574869,3.0,257.0,3,3,2023
2023-03-17,0.0,13.515150777941429,0.0,10.476660577574869,3.0,257.0,4,3,2023
2023-03-18,0.0,13.515150777941429,0.0,10.476660577574869,3.0,257.0,5,3,2023
2023-03-19,0.0,13.515150777941429,0.0,10.476660577574869,3.0,257.0,6,3,2023
2023-03-20,719.0,5.808110223214906,0.0,4.954638046808428,6.0,204.0,0,3,2023
2023-03-21,0.0,5.808110223214906,0.0,4.954638046808428,6.0,204.0,1,3,2023
2023-03-22,0.0,5.808110223214906,0.0,4.954638046808428,6.0,204.0,2,3,2023
2023-03-23,1221.0,10.413589965758652,1.0,2.823271214159341,2.0,235.0,3,3,2023
2023-03-24,0.0,10.413589965758652,0.0,2.823271214159341,2.0,235.0,4,3,2023
2023-03-25,0.0,10.413589965758652,0.0,2.823271214159341,2.0,235.0,5,3,2023
2023-03-26,0.0,10.413589965758652,0.0,2.823271214159341,2.0,235.0,6,3,2023
2023-03-27,0.0,10.413589965758652,0.0,2.823271214159341,2.0,235.0,0,3,2023
2023-03-28,0.0,10.413589965758652,0.0,2.823271214159341,2.0,235.0,1,3,2023
2023-03-29,0.0,10.413589965758652,0.0,2.823271214159341,2.0,235.0,2,3,2023
2023-03-30,0.0,10.413589965758652,0.0,2.823271214159341,2.0,235.0,3,3,2023
2023-03-31,0.0,10.413589965758652,0.0,2.823271214159341,2.0,235.0,4,3,2023
2023-04-01,0.0,10.413589965758652,0.0,2.823271214159341,2.0,235.0,5,4,2023
2023-04-02,0.0,10.413589965758652,0.0,2.823271214159341,2.0,235.0,6,4,2023
2023-04-03,596.0,1.7224151165116433,1.0,2.8637771503158502,2.0,70.0,0,4,2023
2023-04-04,0.0,1.7224151165116433,0.0,2.8637771503158502,2.0,70.0,1,4,2023
2023-04-05,0.0,1.7224151165116433,0.0,2.8637771503158502,2.0,70.0,2,4,2023
2023-04-06,0.0,1.7224151165116433,0.0,2.8637771503158502,2.0,70.0,3,4,2023
2023-04-07,0.0,1.7224151165116433,0.0,2.8637771503158502,2.0,70.0,4,4,2023
2023-04-08,0.0,1.7224151165116433,0.0,2.8637771503158502,2.0,70.0,5,4,2023
2023-04-09,0.0,1.7224151165116433,0.0,2.8637771503158502,2.0,70.0,6,4,2023
2023-04-10,0.0,1.7224151165116433,0.0,2.8637771503158502,2.0,70.0,0,4,2023
2023-04-11,0.0,1.7224151165116433,0.0,2.8637771503158502,2.0,70.0,1,4,2023
2023-04-12,0.0,1.7224151165116433,0.0,2.8637771503158502,2.0,70.0,2,4,2023
2023-04-13,0.0,1.7224151165116433,0.0,2.8637771503158502,2.0,70.0,3,4,2023
2023-04-14,0.0,1.7224151165116433,0.0,2.8637771503158502,2.0,70.0,4,4,2023
2023-04-15,0.0,1.7224151165116433,0.0,2.8637771503158502,2.0,70.0,5,4,2023
2023-04-16,0.0,1.7224151165116433,0.0,2.8637771503158502,2.0,70.0,6,4,2023
2023-04-17,0.0,1.7224151165116433,0.0,2.8637771503158502,2.0,70.0,0,4,2023
2023-04-18,0.0,1.7224151165116433,0.0,2.8637771503158502,2.0,70.0,1,4,2023
2023-04-19,0.0,1.7224151165116433,0.0,2.8637771503158502,2.0,70.0,2,4,2023
2023-04-20,645.0,2.3055438178470875,0.0,11.916893393164456,1.0,203.0,3,4,2023
2023-04-21,0.0,2.3055438178470875,0.0,11.916893393164456,1.0,203.0,4,4,2023
2023-04-22,0.0,2.3055438178470875,0.0,11.916893393164456,1.0,203.0,5,4,2023
2023-04-23,0.0,2.3055438178470875,0.0,11.916893393164456,1.0,203.0,6,4,2023
2023-04-24,0.0,2.3055438178470875,0.0,11.916893393164456,1.0,203.0,0,4,2023
2023-04-25,0.0,2.3055438178470875,0.0,11.916893393164456,1.0,203.0,1,4,2023
2023-04-26,0.0,2.3055438178470875,0.0,11.916893393164456,1.0,203.0,2,4,2023
2023-04-27,0.0,2.3055438178470875,0.0,11.916893393164456,1.0,203.0,3,4,2023
2023-04-28,0.0,2.3055438178470875,0.0,11.916893393164456,1.0,203.0,4,4,2023
2023-04-29,0.0,2.3055438178470875,0.0,11.916893393164456,1.0,203.0,5,4,2023
2023-04-30,0.0,2.3055438178470875,0.0,11.916893393164456,1.0,203.0,6,4,2023
2023-05-01,913.0,5.953552698478414,1.0,5.933468572356959,5.0,456.0,0,5,2023
2023-05-02,0.0,5.953552698478414,0.0,5.933468572356959,5.0,456.0,1,5,2023
2023-05-03,1057.0,19.23670384344265,0.0,1.2333100054513184,8.0,281.0,2,5,2023
2023-05-04,0.0,19.23670384344265,0.0,1.2333100054513184,8.0,281.0,3,5,2023
2023-05-05,0.0,19.23670384344265,0.0,1.2333100054513184,8.0,281.0,4,5,2023
2023-05-06,0.0,19.23670384344265,0.0,1.2333100054513184,8.0,281.0,5,5,2023
2023-05-07,0.0,19.23670384344265,0.0,1.2333100054513184,8.0,281.0,6,5,2023
2023-05-08,0.0,19.23670384344265,0.0,1.2333100054513184,8.0,281.0,0,5,2023
2023-05-09,0.0,19.23670384344265,0.0,1.2333100054513184,8.0,281.0,1,5,2023
2023-05-10,0.0,19.23670384344265,0.0,1.2333100054513184,8.0,281.0,2,5,2023
2023-05-11,0.0,19.23670384344265,0.0,1.2333100054513184,8.0,281.0,3,5,2023
2023-05-12,1362.0,10.894594694850042,1.0,7.025850271680266,5.0,422.0,4,5,2023
2023-05-13,0.0,10.894594694850042,0.0,7.025850271680266,5.0,422.0,5,5,2023
2023-05-14,0.0,10.894594694850042,0.0,7.025850271680266,5.0,422.0,6,5,2023
2023-05-15,0.0,10.894594694850042,0.0,7.025850271680266,5.0,422.0,0,5,2023
2023-05-16,0.0,10.894594694850042,0.0,7.025850271680266,5.0,422.0,1,5,2023
2023-05-17,0.0,10.894594694850042,0.0,7.025850271680266,5.0,422.0,2,5,2023
2023-05-18,0.0,10.894594694850042,0.0,7.025850271680266,5.0,422.0,3,5,2023
2023-05-19,488.0,8.143864908884916,1.0,7.641763020357194,4.0,78.0,4,5,2023
2023-05-20,0.0,8.143864908884916,0.0,7.641763020357194,4.0,78.0,5,5,2023
2023-05-21,0.0,8.143864908884916,0.0,7.641763020357194,4.0,78.0,6,5,2023
2023-05-22,0.0,8.143864908884916,0.0,7.641763020357194,4.0,78.0,0,5,2023
2023-05-23,0.0,8.143864908884916,0.0,7.641763020357194,4.0,78.0,1,5,2023
2023-05-24,0.0,8.143864908884916,0.0,7.641763020357194,4.0,78.0,2,5,2023
2023-05-25,0.0,8.143864908884916,0.0,7.641763020357194,4.0,78.0,3,5,2023
2023-05-26,1793.0,10.424908934917845,1.0,12.178768774849802,4.0,270.0,4,5,2023
2023-05-27,0.0,10.424908934917845,0.0,12.178768774849802,4.0,270.0,5,5,2023
2023-05-28,0.0,10.424908934917845,0.0,12.178768774849802,4.0,270.0,6,5,2023
2023-05-29,0.0,10.424908934917845,0.0,12.178768774849802,4.0,270.0,0,5,2023
2023-05-30,0.0,10.424908934917845,0.0,12.178768774849802,4.0,270.0,1,5,2023
2023-05-31,0.0,10.424908934917845,0.0,12.178768774849802,4.0,270.0,2,5,2023
2023-06-01,0.0,10.424908934917845,0.0,12.178768774849802,4.0,270.0,3,6,2023
2023-06-02,0.0,10.424908934917845,0.0,12.178768774849802,4.0,270.0,4,6,2023
2023-06-03,0.0,10.424908934917845,0.0,12.178768774849802,4.0,270.0,5,6,2023
2023-06-04,498.0,5.200204057620841,0.0,1.0027542112779626,1.0,351.0,6,6,2023
2023-06-05,0.0,5.200204057620841,0.0,1.0027542112779626,1.0,351.0,0,6,2023
2023-06-06,0.0,5.200204057620841,0.0,1.0027542112779626,1.0,351.0,1,6,2023
2023-06-07,0.0,5.200204057620841,0.0,1.0027542112779626,1.0,351.0,2,6,2023
2023-06-08,0.0,5.200204057620841,0.0,1.0027542112779626,1.0,351.0,3,6,2023
2023-06-09,0.0,5.200204057620841,0.0,1.0027542112779626,1.0,351.0,4,6,2023
2023-06-10,0.0,5.200204057620841,0.0,1.0027542112779626,1.0,351.0,5,6,2023
2023-06-11,0.0,5.200204057620841,0.0,1.0027542112779626,1.0,351.0,6,6,2023
2023-06-12,0.0,5.200204057620841,0.0,1.0027542112779626,1.0,351.0,0,6,2023
2023-06-13,0.0,5.200204057620841,0.0,1.0027542112779626,1.0,351.0,1,6,2023
2023-06-14,0.0,5.200204057620841,0.0,1.0027542112779626,1.0,351.0,2,6,2023
2023-06-15,0.0,5.200204057620841,0.0,1.0027542112779626,1.0,351.0,3,6,2023
2023-06-16,0.0,5.200204057620841,0.0,1.0027542112779626,1.0,351.0,4,6,2023
2023-06-17,0.0,5.200204057620841,0.0,1.0027542112779626,1.0,351.0,5,6,2023
2023-06-18,0.0,5.200204057620841,0.0,1.0027542112779626,1.0,351.0,6,6,2023
2023-06-19,0.0,5.200204057620841,0.0,1.0027542112779626,1.0,351.0,0,6,2023
2023-06-20,0.0,5.200204057620841,0.0,1.0027542112779626,1.0,351.0,1,6,2023
2023-06-21,0.0,5.200204057620841,0.0,1.0027542112779626,1.0,351.0,2,6,2023
2023-06-22,1968.0,8.854912536609968,1.0,11.200288737265089,1.0,375.0,3,6,2023
2023-06-23,0.0,8.854912536609968,0.0,11.200288737265089,1.0,375.0,4,6,2023
2023-06-24,0.0,8.854912536609968,0.0,11.200288737265089,1.0,375.0,5,6,2023
2023-06-25,0.0,8.854912536609968,0.0,11.200288737265089,1.0,375.0,6,6,2023
2023-06-26,0.0,8.854912536609968,0.0,11.200288737265089,1.0,375.0,0,6,2023
2023-06-27,0.0,8.854912536609968,0.0,11.200288737265089,1.0,375.0,1,6,2023
2023-06-28,0.0,8.854912536609968,0.0,11.200288737265089,1.0,375.0,2,6,2023
2023-06-29,0.0,8.854912536609968,0.0,11.200288737265089,1.0,375.0,3,6,2023
2023-06-30,0.0,8.854912536609968,0.0,11.200288737265089,1.0,375.0,4,6,2023
2023-07-01,0.0,8.854912536609968,0.0,11.200288737265089,1.0,375.0,5,7,2023
2023-07-02,0.0,8.854912536609968,0.0,11.200288737265089,1.0,375.0,6,7,2023
2023-07-03,0.0,8.854912536609968,0.0,11.200288737265089,1.0,375.0,0,7,2023
2023-07-04,0.0,8.854912536609968,0.0,11.200288737265089,1.0,375.0,1,7,2023
2023-07-05,0.0,8.854912536609968,0.0,11.200288737265089,1.0,375.0,2,7,2023
2023-07-06,0.0,8.854912536609968,0.0,11.200288737265089,1.0,375.0,3,7,2023
2023-07-07,0.0,8.854912536609968,0.0,11.200288737265089,1.0,375.0,4,7,2023
2023-07-08,0.0,8.854912536609968,0.0,11.200288737265089,1.0,375.0,5,7,2023
2023-07-09,0.0,8.854912536609968,0.0,11.200288737265089,1.0,375.0,6,7,2023
2023-07-10,0.0,8.854912536609968,0.0,11.200288737265089,1.0,375.0,0,7,2023
2023-07-11,0.0,8.854912536609968,0.0,11.200288737265089,1.0,375.0,1,7,2023
2023-07-12,0.0,8.854912536609968,0.0,11.200288737265089,1.0,375.0,2,7,2023
2023-07-13,0.0,8.854912536609968,0.0,11.200288737265089,1.0,375.0,3,7,2023
2023-07-14,0.0,8.854912536609968,0.0,11.200288737265089,1.0,375.0,4,7,2023
2023-07-15,0.0,8.854912536609968,0.0,11.200288737265089,1.0,375.0,5,7,2023
2023-07-16,0.0,8.854912536609968,0.0,11.200288737265089,1.0,375.0,6,7,2023
2023-07-17,0.0,8.854912536609968,0.0,11.200288737265089,1.0,375.0,0,7,2023
2023-07-18,0.0,8.854912536609968,0.0,11.200288737265089,1.0,375.0,1,7,2023
2023-07-19,0.0,8.854912536609968,0.0,11.200288737265089,1.0,375.0,2,7,2023
2023-07-20,0.0,8.854912536609968,0.0,11.200288737265089,1.0,375.0,3,7,2023
2023-07-21,0.0,8.854912536609968,0.0,11.200288737265089,1.0,375.0,4,7,2023
2023-07-22,0.0,8.854912536609968,0.0,11.200288737265089,1.0,375.0,5,7,2023
2023-07-23,0.0,8.854912536609968,0.0,11.200288737265089,1.0,375.0,6,7,2023
2023-07-24,1644.0,15.414851412109092,0.0,4.763978201563278,3.0,382.0,0,7,2023
2023-07-25,0.0,15.414851412109092,0.0,4.763978201563278,3.0,382.0,1,7,2023
2023-07-26,0.0,15.414851412109092,0.0,4.763978201563278,3.0,382.0,2,7,2023
2023-07-27,1876.0,16.997437058437466,1.0,4.168881943343672,2.0,84.0,3,7,2023
2023-07-28,0.0,16.997437058437466,0.0,4.168881943343672,2.0,84.0,4,7,2023
2023-07-29,0.0,16.997437058437466,0.0,4.168881943343672,2.0,84.0,5,7,2023
2023-07-30,0.0,16.997437058437466,0.0,4.168881943343672,2.0,84.0,6,7,2023
2023-07-31,0.0,16.997437058437466,0.0,4.168881943343672,2.0,84.0,0,7,2023
2023-08-01,0.0,16.997437058437466,0.0,4.168881943343672,2.0,84.0,1,8,2023
2023-08-02,0.0,16.997437058437466,0.0,4.168881943343672,2.0,84.0,2,8,2023
2023-08-03,0.0,16.997437058437466,0.0,4.168881943343672,2.0,84.0,3,8,2023
2023-08-04,0.0,16.997437058437466,0.0,4.168881943343672,2.0,84.0,4,8,2023
2023-08-05,0.0,16.997437058437466,0.0,4.168881943343672,2.0,84.0,5,8,2023
2023-08-06,0.0,16.997437058437466,0.0,4.168881943343672,2.0,84.0,6,8,2023
2023-08-07,0.0,16.997437058437466,0.0,4.168881943343672,2.0,84.0,0,8,2023
2023-08-08,0.0,16.997437058437466,0.0,4.168881943343672,2.0,84.0,1,8,2023
2023-08-09,0.0,16.997437058437466,0.0,4.168881943343672,2.0,84.0,2,8,2023
2023-08-10,0.0,16.997437058437466,0.0,4.168881943343672,2.0,84.0,3,8,2023
2023-08-11,0.0,16.997437058437466,0.0,4.168881943343672,2.0,84.0,4,8,2023
2023-08-12,0.0,16.997437058437466,0.0,4.168881943343672,2.0,84.0,5,8,2023
2023-08-13,0.0,16.997437058437466,0.0,4.168881943343672,2.0,84.0,6,8,2023
2023-08-14,0.0,16.997437058437466,0.0,4.168881943343672,2.0,84.0,0,8,2023
2023-08-15,0.0,16.997437058437466,0.0,4.168881943343672,2.0,84.0,1,8,2023
2023-08-16,0.0,16.997437058437466,0.0,4.168881943343672,2.0,84.0,2,8,2023
2023-08-17,0.0,16.997437058437466,0.0,4.168881943343672,2.0,84.0,3,8,2023
2023-08-18,0.0,16.997437058437466,0.0,4.168881943343672,2.0,84.0,4,8,2023
2023-08-19,0.0,16.997437058437466,0.0,4.168881943343672,2.0,84.0,5,8,2023
2023-08-20,0.0,16.997437058437466,0.0,4.168881943343672,2.0,84.0,6,8,2023
2023-08-21,0.0,16.997437058437466,0.0,4.168881943343672,2.0,84.0,0,8,2023
2023-08-22,0.0,16.997437058437466,0.0,4.168881943343672,2.0,84.0,1,8,2023
2023-08-23,0.0,16.997437058437466,0.0,4.168881943343672,2.0,84.0,2,8,2023
2023-08-24,1318.0,7.120052080354524,0.0,5.449120366275756,6.0,308.0,3,8,2023
2023-08-25,0.0,7.120052080354524,0.0,5.449120366275756,6.0,308.0,4,8,2023
2023-08-26,0.0,7.120052080354524,0.0,5.449120366275756,6.0,308.0,5,8,2023
2023-08-27,0.0,7.120052080354524,0.0,5.449120366275756,6.0,308.0,6,8,2023
2023-08-28,0.0,7.120052080354524,0.0,5.449120366275756,6.0,308.0,0,8,2023
2023-08-29,620.0,19.65741461847676,1.0,0.698395014029876,9.0,210.0,1,8,2023
2023-08-30,0.0,19.65741461847676,0.0,0.698395014029876,9.0,210.0,2,8,2023
2023-08-31,0.0,19.65741461847676,0.0,0.698395014029876,9.0,210.0,3,8,2023
2023-09-01,0.0,19.65741461847676,0.0,0.698395014029876,9.0,210.0,4,9,2023
2023-09-02,0.0,19.65741461847676,0.0,0.698395014029876,9.0,210.0,5,9,2023
2023-09-03,0.0,19.65741461847676,0.0,0.698395014029876,9.0,210.0,6,9,2023
2023-09-04,0.0,19.65741461847676,0.0,0.698395014029876,9.0,210.0,0,9,2023
2023-09-05,0.0,19.65741461847676,0.0,0.698395014029876,9.0,210.0,1,9,2023
2023-09-06,1083.0,8.05701803558787,1.0,4.791014426830934,7.0,325.0,2,9,2023
2023-09-07,0.0,8.05701803558787,0.0,4.791014426830934,7.0,325.0,3,9,2023
2023-09-08,0.0,8.05701803558787,0.0,4.791014426830934,7.0,325.0,4,9,2023
2023-09-09,0.0,8.05701803558787,0.0,4.791014426830934,7.0,325.0,5,9,2023
2023-09-10,0.0,8.05701803558787,0.0,4.791014426830934,7.0,325.0,6,9,2023
2023-09-11,0.0,8.05701803558787,0.0,4.791014426830934,7.0,325.0,0,9,2023
2023-09-12,0.0,8.05701803558787,0.0,4.791014426830934,7.0,325.0,1,9,2023
2023-09-13,0.0,8.05701803558787,0.0,4.791014426830934,7.0,325.0,2,9,2023
2023-09-14,0.0,8.05701803558787,0.0,4.791014426830934,7.0,325.0,3,9,2023
2023-09-15,0.0,8.05701803558787,0.0,4.791014426830934,7.0,325.0,4,9,2023
2023-09-16,0.0,8.05701803558787,0.0,4.791014426830934,7.0,325.0,5,9,2023
2023-09-17,0.0,8.05701803558787,0.0,4.791014426830934,7.0,325.0,6,9,2023
2023-09-18,0.0,8.05701803558787,0.0,4.791014426830934,7.0,325.0,0,9,2023
2023-09-19,0.0,8.05701803558787,0.0,4.791014426830934,7.0,325.0,1,9,2023
2023-09-20,0.0,8.05701803558787,0.0,4.791014426830934,7.0,325.0,2,9,2023
2023-09-21,0.0,8.05701803558787,0.0,4.791014426830934,7.0,325.0,3,9,2023
2023-09-22,0.0,8.05701803558787,0.0,4.791014426830934,7.0,325.0,4,9,2023
2023-09-23,0.0,8.05701803558787,0.0,4.791014426830934,7.0,325.0,5,9,2023
2023-09-24,0.0,8.05701803558787,0.0,4.791014426830934,7.0,325.0,6,9,2023
2023-09-25,0.0,8.05701803558787,0.0,4.791014426830934,7.0,325.0,0,9,2023
2023-09-26,323.0,12.130392773466138,0.0,11.986772324624305,2.0,374.0,1,9,2023
2023-09-27,0.0,12.130392773466138,0.0,11.986772324624305,2.0,374.0,2,9,2023
2023-09-28,0.0,12.130392773466138,0.0,11.986772324624305,2.0,374.0,3,9,2023
2023-09-29,0.0,12.130392773466138,0.0,11.986772324624305,2.0,374.0,4,9,2023
2023-09-30,0.0,12.130392773466138,0.0,11.986772324624305,2.0,374.0,5,9,2023
2023-10-01,0.0,12.130392773466138,0.0,11.986772324624305,2.0,374.0,6,10,2023
2023-10-02,0.0,12.130392773466138,0.0,11.986772324624305,2.0,374.0,0,10,2023
2023-10-03,0.0,12.130392773466138,0.0,11.986772324624305,2.0,374.0,1,10,2023
2023-10-04,0.0,12.130392773466138,0.0,11.986772324624305,2.0,374.0,2,10,2023
2023-10-05,0.0,12.130392773466138,0.0,11.986772324624305,2.0,374.0,3,10,2023
2023-10-06,0.0,12.130392773466138,0.0,11.986772324624305,2.0,374.0,4,10,2023
2023-10-07,0.0,12.130392773466138,0.0,11.986772324624305,2.0,374.0,5,10,2023
2023-10-08,0.0,12.130392773466138,0.0,11.986772324624305,2.0,374.0,6,10,2023
2023-10-09,0.0,12.130392773466138,0.0,11.986772324624305,2.0,374.0,0,10,2023
2023-10-10,0.0,12.130392773466138,0.0,11.986772324624305,2.0,374.0,1,10,2023
2023-10-11,0.0,12.130392773466138,0.0,11.986772324624305,2.0,374.0,2,10,2023
2023-10-12,0.0,12.130392773466138,0.0,11.986772324624305,2.0,374.0,3,10,2023
2023-10-13,0.0,12.130392773466138,0.0,11.986772324624305,2.0,374.0,4,10,2023
2023-10-14,0.0,12.130392773466138,0.0,11.986772324624305,2.0,374.0,5,10,2023
2023-10-15,0.0,12.130392773466138,0.0,11.986772324624305,2.0,374.0,6,10,2023
2023-10-16,0.0,12.130392773466138,0.0,11.986772324624305,2.0,374.0,0,10,2023
2023-10-17,0.0,12.130392773466138,0.0,11.986772324624305,2.0,374.0,1,10,2023
2023-10-18,0.0,12.130392773466138,0.0,11.986772324624305,2.0,374.0,2,10,2023
2023-10-19,0.0,12.130392773466138,0.0,11.986772324624305,2.0,374.0,3,10,2023
2023-10-20,0.0,12.130392773466138,0.0,11.986772324624305,2.0,374.0,4,10,2023
2023-10-21,0.0,12.130392773466138,0.0,11.986772324624305,2.0,374.0,5,10,2023
2023-10-22,0.0,12.130392773466138,0.0,11.986772324624305,2.0,374.0,6,10,2023
2023-10-23,0.0,12.130392773466138,0.0,11.986772324624305,2.0,374.0,0,10,2023
2023-10-24,0.0,12.130392773466138,0.0,11.986772324624305,2.0,374.0,1,10,2023
2023-10-25,0.0,12.130392773466138,0.0,11.986772324624305,2.0,374.0,2,10,2023
2023-10-26,455.0,6.238677208815493,1.0,4.189979308464774,6.0,139.0,3,10,2023
2023-10-27,0.0,6.238677208815493,0.0,4.189979308464774,6.0,139.0,4,10,2023
2023-10-28,0.0,6.238677208815493,0.0,4.189979308464774,6.0,139.0,5,10,2023
2023-10-29,0.0,6.238677208815493,0.0,4.189979308464774,6.0,139.0,6,10,2023
2023-10-30,0.0,6.238677208815493,0.0,4.189979308464774,6.0,139.0,0,10,2023
2023-10-31,0.0,6.238677208815493,0.0,4.189979308464774,6.0,139.0,1,10,2023
2023-11-01,0.0,6.238677208815493,0.0,4.189979308464774,6.0,139.0,2,11,2023
2023-11-02,0.0,6.238677208815493,0.0,4.189979308464774,6.0,139.0,3,11,2023
2023-11-03,0.0,6.238677208815493,0.0,4.189979308464774,6.0,139.0,4,11,2023
2023-11-04,0.0,6.238677208815493,0.0,4.189979308464774,6.0,139.0,5,11,2023
2023-11-05,0.0,6.238677208815493,0.0,4.189979308464774,6.0,139.0,6,11,2023
2023-11-06,0.0,6.238677208815493,0.0,4.189979308464774,6.0,139.0,0,11,2023
2023-11-07,0.0,6.238677208815493,0.0,4.189979308464774,6.0,139.0,1,11,2023
2023-11-08,0.0,6.238677208815493,0.0,4.189979308464774,6.0,139.0,2,11,2023
2023-11-09,0.0,6.238677208815493,0.0,4.189979308464774,6.0,139.0,3,11,2023
2023-11-10,0.0,6.238677208815493,0.0,4.189979308464774,6.0,139.0,4,11,2023
2023-11-11,0.0,6.238677208815493,0.0,4.189979308464774,6.0,139.0,5,11,2023
2023-11-12,0.0,6.238677208815493,0.0,4.189979308464774,6.0,139.0,6,11,2023
2023-11-13,0.0,6.238677208815493,0.0,4.189979308464774,6.0,139.0,0,11,2023
2023-11-14,0.0,6.238677208815493,0.0,4.189979308464774,6.0,139.0,1,11,2023
2023-11-15,0.0,6.238677208815493,0.0,4.189979308464774,6.0,139.0,2,11,2023
2023-11-16,0.0,6.238677208815493,0.0,4.189979308464774,6.0,139.0,3,11,2023
2023-11-17,0.0,6.238677208815493,0.0,4.189979308464774,6.0,139.0,4,11,2023
2023-11-18,0.0,6.238677208815493,0.0,4.189979308464774,6.0,139.0,5,11,2023
2023-11-19,0.0,6.238677208815493,0.0,4.189979308464774,6.0,139.0,6,11,2023
2023-11-20,0.0,6.238677208815493,0.0,4.189979308464774,6.0,139.0,0,11,2023
2023-11-21,0.0,6.238677208815493,0.0,4.189979308464774,6.0,139.0,1,11,2023
2023-11-22,0.0,6.238677208815493,0.0,4.189979308464774,6.0,139.0,2,11,2023
2023-11-23,0.0,6.238677208815493,0.0,4.189979308464774,6.0,139.0,3,11,2023
2023-11-24,0.0,6.238677208815493,0.0,4.189979308464774,6.0,139.0,4,11,2023
2023-11-25,0.0,6.238677208815493,0.0,4.189979308464774,6.0,139.0,5,11,2023
2023-11-26,0.0,6.238677208815493,0.0,4.189979308464774,6.0,139.0,6,11,2023
2023-11-27,0.0,6.238677208815493,0.0,4.189979308464774,6.0,139.0,0,11,2023
2023-11-28,0.0,6.238677208815493,0.0,4.189979308464774,6.0,139.0,1,11,2023
2023-11-29,0.0,6.238677208815493,0.0,4.189979308464774,6.0,139.0,2,11,2023
2023-11-30,0.0,6.238677208815493,0.0,4.189979308464774,6.0,139.0,3,11,2023
2023-12-01,0.0,6.238677208815493,0.0,4.189979308464774,6.0,139.0,4,12,2023
2023-12-02,799.0,14.680152753599147,0.0,13.156461612702136,2.0,404.0,5,12,2023
2023-12-03,0.0,14.680152753599147,0.0,13.156461612702136,2.0,404.0,6,12,2023
2023-12-04,0.0,14.680152753599147,0.0,13.156461612702136,2.0,404.0,0,12,2023
2023-12-05,0.0,14.680152753599147,0.0,13.156461612702136,2.0,404.0,1,12,2023
2023-12-06,0.0,14.680152753599147,0.0,13.156461612702136,2.0,404.0,2,12,2023
2023-12-07,0.0,14.680152753599147,0.0,13.156461612702136,2.0,404.0,3,12,2023
2023-12-08,0.0,14.680152753599147,0.0,13.156461612702136,2.0,404.0,4,12,2023
2023-12-09,0.0,14.680152753599147,0.0,13.156461612702136,2.0,404.0,5,12,2023
2023-12-10,0.0,14.680152753599147,0.0,13.156461612702136,2.0,404.0,6,12,2023
2023-12-11,0.0,14.680152753599147,0.0,13.156461612702136,2.0,404.0,0,12,2023
2023-12-12,0.0,14.680152753599147,0.0,13.156461612702136,2.0,404.0,1,12,2023
2023-12-13,0.0,14.680152753599147,0.0,13.156461612702136,2.0,404.0,2,12,2023
2023-12-14,0.0,14.680152753599147,0.0,13.156461612702136,2.0,404.0,3,12,2023
2023-12-15,1093.0,17.091455833682637,1.0,2.066646110957903,7.0,466.0,4,12,2023
2023-12-16,1954.0,9.14398039243904,1.0,7.438120516554243,4.0,149.0,5,12,2023
2023-12-17,0.0,9.14398039243904,0.0,7.438120516554243,4.0,149.0,6,12,2023
2023-12-18,0.0,9.14398039243904,0.0,7.438120516554243,4.0,149.0,0,12,2023
2023-12-19,0.0,9.14398039243904,0.0,7.438120516554243,4.0,149.0,1,12,2023
2023-12-20,0.0,9.14398039243904,0.0,7.438120516554243,4.0,149.0,2,12,2023
2023-12-21,0.0,9.14398039243904,0.0,7.438120516554243,4.0,149.0,3,12,2023
2023-12-22,0.0,9.14398039243904,0.0,7.438120516554243,4.0,149.0,4,12,2023
2023-12-23,377.0,15.236390541219752,1.0,8.393000870697655,4.0,163.0,5,12,2023
2023-12-24,0.0,15.236390541219752,0.0,8.393000870697655,4.0,163.0,6,12,2023
2023-12-25,0.0,15.236390541219752,0.0,8.393000870697655,4.0,163.0,0,12,2023
2023-12-26,0.0,15.236390541219752,0.0,8.393000870697655,4.0,163.0,1,12,2023
2023-12-27,0.0,15.236390541219752,0.0,8.393000870697655,4.0,163.0,2,12,2023
2023-12-28,0.0,15.236390541219752,0.0,8.393000870697655,4.0,163.0,3,12,2023
2023-12-29,0.0,15.236390541219752,0.0,8.393000870697655,4.0,163.0,4,12,2023
2023-12-30,0.0,15.236390541219752,0.0,8.393000870697655,4.0,163.0,5,12,2023
2023-12-31,0.0,15.236390541219752,0.0,8.393000870697655,4.0,163.0,6,12,2023
2024-01-01,0.0,15.236390541219752,0.0,8.393000870697655,4.0,163.0,0,1,2024
2024-01-02,0.0,15.236390541219752,0.0,8.393000870697655,4.0,163.0,1,1,2024
2024-01-03,0.0,15.236390541219752,0.0,8.393000870697655,4.0,163.0,2,1,2024
2024-01-04,0.0,15.236390541219752,0.0,8.393000870697655,4.0,163.0,3,1,2024
2024-01-05,0.0,15.236390541219752,0.0,8.393000870697655,4.0,163.0,4,1,2024
2024-01-06,0.0,15.236390541219752,0.0,8.393000870697655,4.0,163.0,5,1,2024
2024-01-07,0.0,15.236390541219752,0.0,8.393000870697655,4.0,163.0,6,1,2024
2024-01-08,0.0,15.236390541219752,0.0,8.393000870697655,4.0,163.0,0,1,2024
2024-01-09,0.0,15.236390541219752,0.0,8.393000870697655,4.0,163.0,1,1,2024
2024-01-10,0.0,15.236390541219752,0.0,8.393000870697655,4.0,163.0,2,1,2024
2024-01-11,0.0,15.236390541219752,0.0,8.393000870697655,4.0,163.0,3,1,2024
2024-01-12,0.0,15.236390541219752,0.0,8.393000870697655,4.0,163.0,4,1,2024
2024-01-13,0.0,15.236390541219752,0.0,8.393000870697655,4.0,163.0,5,1,2024
2024-01-14,0.0,15.236390541219752,0.0,8.393000870697655,4.0,163.0,6,1,2024
2024-01-15,384.0,2.78888629238826,0.0,5.078710693117692,6.0,369.0,0,1,2024
2024-01-16,0.0,2.78888629238826,0.0,5.078710693117692,6.0,369.0,1,1,2024
2024-01-17,0.0,2.78888629238826,0.0,5.078710693117692,6.0,369.0,2,1,2024
2024-01-18,0.0,2.78888629238826,0.0,5.078710693117692,6.0,369.0,3,1,2024
2024-01-19,0.0,2.78888629238826,0.0,5.078710693117692,6.0,369.0,4,1,2024
2024-01-20,1047.0,8.066720690420432,1.0,10.29711208200256,7.0,491.0,5,1,2024
2024-01-21,0.0,8.066720690420432,0.0,10.29711208200256,7.0,491.0,6,1,2024
2024-01-22,0.0,8.066720690420432,0.0,10.29711208200256,7.0,491.0,0,1,2024
2024-01-23,0.0,8.066720690420432,0.0,10.29711208200256,7.0,491.0,1,1,2024
2024-01-24,128.0,9.380371006764893,1.0,6.478056053559151,5.0,161.0,2,1,2024
2024-01-25,0.0,9.380371006764893,0.0,6.478056053559151,5.0,161.0,3,1,2024
2024-01-26,1156.0,4.547742619687789,0.0,4.1377469484151534,9.0,245.0,4,1,2024
2024-01-27,0.0,4.547742619687789,0.0,4.1377469484151534,9.0,245.0,5,1,2024
2024-01-28,0.0,4.547742619687789,0.0,4.1377469484151534,9.0,245.0,6,1,2024
2024-01-29,0.0,4.547742619687789,0.0,4.1377469484151534,9.0,245.0,0,1,2024
2024-01-30,0.0,4.547742619687789,0.0,4.1377469484151534,9.0,245.0,1,1,2024
2024-01-31,0.0,4.547742619687789,0.0,4.1377469484151534,9.0,245.0,2,1,2024
2024-02-01,0.0,4.547742619687789,0.0,4.1377469484151534,9.0,245.0,3,2,2024
2024-02-02,0.0,4.547742619687789,0.0,4.1377469484151534,9.0,245.0,4,2,2024
2024-02-03,0.0,4.547742619687789,0.0,4.1377469484151534,9.0,245.0,5,2,2024
2024-02-04,0.0,4.547742619687789,0.0,4.1377469484151534,9.0,245.0,6,2,2024
2024-02-05,0.0,4.547742619687789,0.0,4.1377469484151534,9.0,245.0,0,2,2024
2024-02-06,0.0,4.547742619687789,0.0,4.1377469484151534,9.0,245.0,1,2,2024
2024-02-07,0.0,4.547742619687789,0.0,4.1377469484151534,9.0,245.0,2,2,2024
2024-02-08,0.0,4.547742619687789,0.0,4.1377469484151534,9.0,245.0,3,2,2024
2024-02-09,0.0,4.547742619687789,0.0,4.1377469484151534,9.0,245.0,4,2,2024
2024-02-10,0.0,4.547742619687789,0.0,4.1377469484151534,9.0,245.0,5,2,2024
2024-02-11,0.0,4.547742619687789,0.0,4.1377469484151534,9.0,245.0,6,2,2024
2024-02-12,0.0,4.547742619687789,0.0,4.1377469484151534,9.0,245.0,0,2,2024
2024-02-13,0.0,4.547742619687789,0.0,4.1377469484151534,9.0,245.0,1,2,2024
2024-02-14,0.0,4.547742619687789,0.0,4.1377469484151534,9.0,245.0,2,2,2024
2024-02-15,0.0,4.547742619687789,0.0,4.1377469484151534,9.0,245.0,3,2,2024
2024-02-16,0.0,4.547742619687789,0.0,4.1377469484151534,9.0,245.0,4,2,2024
2024-02-17,0.0,4.547742619687789,0.0,4.1377469484151534,9.0,245.0,5,2,2024
2024-02-18,1923.0,6.950077901528365,0.0,14.137307316751338,5.0,253.0,6,2,2024
2024-02-19,0.0,6.950077901528365,0.0,14.137307316751338,5.0,253.0,0,2,2024
2024-02-20,0.0,6.950077901528365,0.0,14.137307316751338,5.0,253.0,1,2,2024
2024-02-21,0.0,6.950077901528365,0.0,14.137307316751338,5.0,253.0,2,2,2024
2024-02-22,0.0,6.950077901528365,0.0,14.137307316751338,5.0,253.0,3,2,2024
2024-02-23,0.0,6.950077901528365,0.0,14.137307316751338,5.0,253.0,4,2,2024
2024-02-24,0.0,6.950077901528365,0.0,14.137307316751338,5.0,253.0,5,2,2024
2024-02-25,0.0,6.950077901528365,0.0,14.137307316751338,5.0,253.0,6,2,2024
2024-02-26,0.0,6.950077901528365,0.0,14.137307316751338,5.0,253.0,0,2,2024
2024-02-27,0.0,6.950077901528365,0.0,14.137307316751338,5.0,253.0,1,2,2024
2024-02-28,0.0,6.950077901528365,0.0,14.137307316751338,5.0,253.0,2,2,2024
2024-02-29,0.0,6.950077901528365,0.0,14.137307316751338,5.0,253.0,3,2,2024
2024-03-01,1563.0,19.94448498455157,1.0,11.148302309137168,7.0,117.0,4,3,2024
2024-03-02,0.0,19.94448498455157,0.0,11.148302309137168,7.0,117.0,5,3,2024
2024-03-03,0.0,19.94448498455157,0.0,11.148302309137168,7.0,117.0,6,3,2024
2024-03-04,0.0,19.94448498455157,0.0,11.148302309137168,7.0,117.0,0,3,2024
2024-03-05,0.0,19.94448498455157,0.0,11.148302309137168,7.0,117.0,1,3,2024
2024-03-06,0.0,19.94448498455157,0.0,11.148302309137168,7.0,117.0,2,3,2024
2024-03-07,0.0,19.94448498455157,0.0,11.148302309137168,7.0,117.0,3,3,2024
2024-03-08,0.0,19.94448498455157,0.0,11.148302309137168,7.0,117.0,4,3,2024
2024-03-09,1782.0,4.985306005989946,1.0,12.143672282131648,8.0,442.0,5,3,2024
2024-03-10,0.0,4.985306005989946,0.0,12.143672282131648,8.0,442.0,6,3,2024
2024-03-11,1510.0,19.49569040954729,0.0,1.6495641271522803,3.0,494.0,0,3,2024
2024-03-12,0.0,19.49569040954729,0.0,1.6495641271522803,3.0,494.0,1,3,2024
2024-03-13,0.0,19.49569040954729,0.0,1.6495641271522803,3.0,494.0,2,3,2024
2024-03-14,0.0,19.49569040954729,0.0,1.6495641271522803,3.0,494.0,3,3,2024
2024-03-15,0.0,19.49569040954729,0.0,1.6495641271522803,3.0,494.0,4,3,2024
2024-03-16,0.0,19.49569040954729,0.0,1.6495641271522803,3.0,494.0,5,3,2024
2024-03-17,1285.0,19.773245766402702,0.0,2.695960068062681,3.0,96.0,6,3,2024
2024-03-18,0.0,19.773245766402702,0.0,2.695960068062681,3.0,96.0,0,3,2024
2024-03-19,0.0,19.773245766402702,0.0,2.695960068062681,3.0,96.0,1,3,2024
2024-03-20,0.0,19.773245766402702,0.0,2.695960068062681,3.0,96.0,2,3,2024
2024-03-21,0.0,19.773245766402702,0.0,2.695960068062681,3.0,96.0,3,3,2024
2024-03-22,0.0,19.773245766402702,0.0,2.695960068062681,3.0,96.0,4,3,2024
2024-03-23,0.0,19.773245766402702,0.0,2.695960068062681,3.0,96.0,5,3,2024
2024-03-24,0.0,19.773245766402702,0.0,2.695960068062681,3.0,96.0,6,3,2024
2024-03-25,0.0,19.773245766402702,0.0,2.695960068062681,3.0,96.0,0,3,2024
2024-03-26,0.0,19.773245766402702,0.0,2.695960068062681,3.0,96.0,1,3,2024
2024-03-27,0.0,19.773245766402702,0.0,2.695960068062681,3.0,96.0,2,3,2024
2024-03-28,0.0,19.773245766402702,0.0,2.695960068062681,3.0,96.0,3,3,2024
2024-03-29,0.0,19.773245766402702,0.0,2.695960068062681,3.0,96.0,4,3,2024
2024-03-30,0.0,19.773245766402702,0.0,2.695960068062681,3.0,96.0,5,3,2024
2024-03-31,0.0,19.773245766402702,0.0,2.695960068062681,3.0,96.0,6,3,2024
2024-04-01,0.0,19.773245766402702,0.0,2.695960068062681,3.0,96.0,0,4,2024
2024-04-02,0.0,19.773245766402702,0.0,2.695960068062681,3.0,96.0,1,4,2024
2024-04-03,1728.0,9.274603633565029,1.0,14.578633619266968,7.0,304.0,2,4,2024
2024-04-04,0.0,9.274603633565029,0.0,14.578633619266968,7.0,304.0,3,4,2024
2024-04-05,0.0,9.274603633565029,0.0,14.578633619266968,7.0,304.0,4,4,2024
2024-04-06,0.0,9.274603633565029,0.0,14.578633619266968,7.0,304.0,5,4,2024
2024-04-07,0.0,9.274603633565029,0.0,14.578633619266968,7.0,304.0,6,4,2024
2024-04-08,0.0,9.274603633565029,0.0,14.578633619266968,7.0,304.0,0,4,2024
2024-04-09,0.0,9.274603633565029,0.0,14.578633619266968,7.0,304.0,1,4,2024
2024-04-10,0.0,9.274603633565029,0.0,14.578633619266968,7.0,304.0,2,4,2024
2024-04-11,486.0,3.020530798859717,0.0,10.247634965765824,2.0,175.0,3,4,2024
2024-04-12,0.0,3.020530798859717,0.0,10.247634965765824,2.0,175.0,4,4,2024
2024-04-13,0.0,3.020530798859717,0.0,10.247634965765824,2.0,175.0,5,4,2024
2024-04-14,0.0,3.020530798859717,0.0,10.247634965765824,2.0,175.0,6,4,2024
2024-04-15,0.0,3.020530798859717,0.0,10.247634965765824,2.0,175.0,0,4,2024
2024-04-16,0.0,3.020530798859717,0.0,10.247634965765824,2.0,175.0,1,4,2024
2024-04-17,0.0,3.020530798859717,0.0,10.247634965765824,2.0,175.0,2,4,2024
2024-04-18,998.0,2.380746560590309,0.0,12.30860829939704,7.0,354.0,3,4,2024
2024-04-19,1015.0,2.4644822270777533,0.0,4.564853911995481,1.0,347.0,4,4,2024
2024-04-20,0.0,2.4644822270777533,0.0,4.564853911995481,1.0,347.0,5,4,2024
2024-04-21,0.0,2.4644822270777533,0.0,4.564853911995481,1.0,347.0,6,4,2024
2024-04-22,0.0,2.4644822270777533,0.0,4.564853911995481,1.0,347.0,0,4,2024
2024-04-23,0.0,2.4644822270777533,0.0,4.564853911995481,1.0,347.0,1,4,2024
2024-04-24,0.0,2.4644822270777533,0.0,4.564853911995481,1.0,347.0,2,4,2024
2024-04-25,0.0,2.4644822270777533,0.0,4.564853911995481,1.0,347.0,3,4,2024
2024-04-26,0.0,2.4644822270777533,0.0,4.564853911995481,1.0,347.0,4,4,2024
2024-04-27,1359.0,15.425725928156014,0.0,6.05662280623515,7.0,149.0,5,4,2024
2024-04-28,0.0,15.425725928156014,0.0,6.05662280623515,7.0,149.0,6,4,2024
2024-04-29,1863.0,5.422499794924486,1.0,6.917371516025823,2.0,485.0,0,4,2024
2024-04-30,0.0,5.422499794924486,0.0,6.917371516025823,2.0,485.0,1,4,2024
2024-05-01,0.0,5.422499794924486,0.0,6.917371516025823,2.0,485.0,2,5,2024
2024-05-02,0.0,5.422499794924486,0.0,6.917371516025823,2.0,485.0,3,5,2024
2024-05-03,0.0,5.422499794924486,0.0,6.917371516025823,2.0,485.0,4,5,2024
2024-05-04,0.0,5.422499794924486,0.0,6.917371516025823,2.0,485.0,5,5,2024
2024-05-05,0.0,5.422499794924486,0.0,6.917371516025823,2.0,485.0,6,5,2024
2024-05-06,1113.0,4.212540336763858,1.0,8.542961859431324,2.0,304.0,0,5,2024
2024-05-07,0.0,4.212540336763858,0.0,8.542961859431324,2.0,304.0,1,5,2024
2024-05-08,0.0,4.212540336763858,0.0,8.542961859431324,2.0,304.0,2,5,2024
2024-05-09,0.0,4.212540336763858,0.0,8.542961859431324,2.0,304.0,3,5,2024
2024-05-10,0.0,4.212540336763858,0.0,8.542961859431324,2.0,304.0,4,5,2024
2024-05-11,0.0,4.212540336763858,0.0,8.542961859431324,2.0,304.0,5,5,2024
2024-05-12,494.0,8.842461456054494,1.0,14.390214968928994,4.0,362.0,6,5,2024
2024-05-13,0.0,8.842461456054494,0.0,14.390214968928994,4.0,362.0,0,5,2024
2024-05-14,0.0,8.842461456054494,0.0,14.390214968928994,4.0,362.0,1,5,2024
2024-05-15,0.0,8.842461456054494,0.0,14.390214968928994,4.0,362.0,2,5,2024
2024-05-16,0.0,8.842461456054494,0.0,14.390214968928994,4.0,362.0,3,5,2024
2024-05-17,0.0,8.842461456054494,0.0,14.390214968928994,4.0,362.0,4,5,2024
2024-05-18,0.0,8.842461456054494,0.0,14.390214968928994,4.0,362.0,5,5,2024
2024-05-19,0.0,8.842461456054494,0.0,14.390214968928994,4.0,362.0,6,5,2024
2024-05-20,0.0,8.842461456054494,0.0,14.390214968928994,4.0,362.0,0,5,2024
2024-05-21,0.0,8.842461456054494,0.0,14.390214968928994,4.0,362.0,1,5,2024
2024-05-22,0.0,8.842461456054494,0.0,14.390214968928994,4.0,362.0,2,5,2024
2024-05-23,0.0,8.842461456054494,0.0,14.390214968928994,4.0,362.0,3,5,2024
2024-05-24,0.0,8.842461456054494,0.0,14.390214968928994,4.0,362.0,4,5,2024
2024-05-25,0.0,8.842461456054494,0.0,14.390214968928994,4.0,362.0,5,5,2024
2024-05-26,0.0,8.842461456054494,0.0,14.390214968928994,4.0,362.0,6,5,2024
2024-05-27,0.0,8.842461456054494,0.0,14.390214968928994,4.0,362.0,0,5,2024
2024-05-28,0.0,8.842461456054494,0.0,14.390214968928994,4.0,362.0,1,5,2024
2024-05-29,0.0,8.842461456054494,0.0,14.390214968928994,4.0,362.0,2,5,2024
2024-05-30,0.0,8.842461456054494,0.0,14.390214968928994,4.0,362.0,3,5,2024
2024-05-31,0.0,8.842461456054494,0.0,14.390214968928994,4.0,362.0,4,5,2024
2024-06-01,0.0,8.842461456054494,0.0,14.390214968928994,4.0,362.0,5,6,2024
2024-06-02,0.0,8.842461456054494,0.0,14.390214968928994,4.0,362.0,6,6,2024
2024-06-03,0.0,8.842461456054494,0.0,14.390214968928994,4.0,362.0,0,6,2024
2024-06-04,0.0,8.842461456054494,0.0,14.390214968928994,4.0,362.0,1,6,2024
2024-06-05,0.0,8.842461456054494,0.0,14.390214968928994,4.0,362.0,2,6,2024
2024-06-06,0.0,8.842461456054494,0.0,14.390214968928994,4.0,362.0,3,6,2024
2024-06-07,0.0,8.842461456054494,0.0,14.390214968928994,4.0,362.0,4,6,2024
2024-06-08,0.0,8.842461456054494,0.0,14.390214968928994,4.0,362.0,5,6,2024
2024-06-09,0.0,8.842461456054494,0.0,14.390214968928994,4.0,362.0,6,6,2024
2024-06-10,0.0,8.842461456054494,0.0,14.390214968928994,4.0,362.0,0,6,2024
2024-06-11,0.0,8.842461456054494,0.0,14.390214968928994,4.0,362.0,1,6,2024
2024-06-12,0.0,8.842461456054494,0.0,14.390214968928994,4.0,362.0,2,6,2024
2024-06-13,0.0,8.842461456054494,0.0,14.390214968928994,4.0,362.0,3,6,2024
2024-06-14,0.0,8.842461456054494,0.0,14.390214968928994,4.0,362.0,4,6,2024
2024-06-15,0.0,8.842461456054494,0.0,14.390214968928994,4.0,362.0,5,6,2024
2024-06-16,0.0,8.842461456054494,0.0,14.390214968928994,4.0,362.0,6,6,2024
2024-06-17,0.0,8.842461456054494,0.0,14.390214968928994,4.0,362.0,0,6,2024
2024-06-18,772.0,19.791538808653304,1.0,3.1865143298363305,5.0,121.0,1,6,2024
2024-06-19,0.0,19.791538808653304,0.0,3.1865143298363305,5.0,121.0,2,6,2024
2024-06-20,0.0,19.791538808653304,0.0,3.1865143298363305,5.0,121.0,3,6,2024
2024-06-21,0.0,19.791538808653304,0.0,3.1865143298363305,5.0,121.0,4,6,2024
2024-06-22,0.0,19.791538808653304,0.0,3.1865143298363305,5.0,121.0,5,6,2024
2024-06-23,0.0,19.791538808653304,0.0,3.1865143298363305,5.0,121.0,6,6,2024
2024-06-24,0.0,19.791538808653304,0.0,3.1865143298363305,5.0,121.0,0,6,2024
2024-06-25,0.0,19.791538808653304,0.0,3.1865143298363305,5.0,121.0,1,6,2024
2024-06-26,0.0,19.791538808653304,0.0,3.1865143298363305,5.0,121.0,2,6,2024
2024-06-27,0.0,19.791538808653304,0.0,3.1865143298363305,5.0,121.0,3,6,2024
2024-06-28,0.0,19.791538808653304,0.0,3.1865143298363305,5.0,121.0,4,6,2024
2024-06-29,0.0,19.791538808653304,0.0,3.1865143298363305,5.0,121.0,5,6,2024
2024-06-30,0.0,19.791538808653304,0.0,3.1865143298363305,5.0,121.0,6,6,2024
2024-07-01,0.0,19.791538808653304,0.0,3.1865143298363305,5.0,121.0,0,7,2024
2024-07-02,0.0,19.791538808653304,0.0,3.1865143298363305,5.0,121.0,1,7,2024
2024-07-03,0.0,19.791538808653304,0.0,3.1865143298363305,5.0,121.0,2,7,2024
2024-07-04,0.0,19.791538808653304,0.0,3.1865143298363305,5.0,121.0,3,7,2024
2024-07-05,0.0,19.791538808653304,0.0,3.1865143298363305,5.0,121.0,4,7,2024
2024-07-06,0.0,19.791538808653304,0.0,3.1865143298363305,5.0,121.0,5,7,2024
2024-07-07,0.0,19.791538808653304,0.0,3.1865143298363305,5.0,121.0,6,7,2024
2024-07-08,0.0,19.791538808653304,0.0,3.1865143298363305,5.0,121.0,0,7,2024
2024-07-09,0.0,19.791538808653304,0.0,3.1865143298363305,5.0,121.0,1,7,2024
2024-07-10,0.0,19.791538808653304,0.0,3.1865143298363305,5.0,121.0,2,7,2024
2024-07-11,0.0,19.791538808653304,0.0,3.1865143298363305,5.0,121.0,3,7,2024
2024-07-12,0.0,19.791538808653304,0.0,3.1865143298363305,5.0,121.0,4,7,2024
2024-07-13,0.0,19.791538808653304,0.0,3.1865143298363305,5.0,121.0,5,7,2024
2024-07-14,0.0,19.791538808653304,0.0,3.1865143298363305,5.0,121.0,6,7,2024
2024-07-15,0.0,19.791538808653304,0.0,3.1865143298363305,5.0,121.0,0,7,2024
2024-07-16,0.0,19.791538808653304,0.0,3.1865143298363305,5.0,121.0,1,7,2024
2024-07-17,0.0,19.791538808653304,0.0,3.1865143298363305,5.0,121.0,2,7,2024
2024-07-18,0.0,19.791538808653304,0.0,3.1865143298363305,5.0,121.0,3,7,2024
2024-07-19,0.0,19.791538808653304,0.0,3.1865143298363305,5.0,121.0,4,7,2024
2024-07-20,0.0,19.791538808653304,0.0,3.1865143298363305,5.0,121.0,5,7,2024
2024-07-21,0.0,19.791538808653304,0.0,3.1865143298363305,5.0,121.0,6,7,2024
2024-07-22,1539.0,5.449504489494228,0.0,5.072774277358704,5.0,99.0,0,7,2024
2024-07-23,0.0,5.449504489494228,0.0,5.072774277358704,5.0,99.0,1,7,2024
2024-07-24,0.0,5.449504489494228,0.0,5.072774277358704,5.0,99.0,2,7,2024
2024-07-25,0.0,5.449504489494228,0.0,5.072774277358704,5.0,99.0,3,7,2024
2024-07-26,0.0,5.449504489494228,0.0,5.072774277358704,5.0,99.0,4,7,2024
2024-07-27,0.0,5.449504489494228,0.0,5.072774277358704,5.0,99.0,5,7,2024
2024-07-28,0.0,5.449504489494228,0.0,5.072774277358704,5.0,99.0,6,7,2024
2024-07-29,0.0,5.449504489494228,0.0,5.072774277358704,5.0,99.0,0,7,2024
2024-07-30,0.0,5.449504489494228,0.0,5.072774277358704,5.0,99.0,1,7,2024
2024-07-31,0.0,5.449504489494228,0.0,5.072774277358704,5.0,99.0,2,7,2024
2024-08-01,1441.0,1.055499619805878,1.0,1.554656742790692,5.0,296.0,3,8,2024
2024-08-02,210.0,1.7555533347828214,1.0,4.568711791949782,2.0,495.0,4,8,2024
2024-08-03,0.0,1.7555533347828214,0.0,4.568711791949782,2.0,495.0,5,8,2024
2024-08-04,0.0,1.7555533347828214,0.0,4.568711791949782,2.0,495.0,6,8,2024
2024-08-05,0.0,1.7555533347828214,0.0,4.568711791949782,2.0,495.0,0,8,2024
2024-08-06,0.0,1.7555533347828214,0.0,4.568711791949782,2.0,495.0,1,8,2024
2024-08-07,0.0,1.7555533347828214,0.0,4.568711791949782,2.0,495.0,2,8,2024
2024-08-08,0.0,1.7555533347828214,0.0,4.568711791949782,2.0,495.0,3,8,2024
2024-08-09,0.0,1.7555533347828214,0.0,4.568711791949782,2.0,495.0,4,8,2024
2024-08-10,0.0,1.7555533347828214,0.0,4.568711791949782,2.0,495.0,5,8,2024
2024-08-11,0.0,1.7555533347828214,0.0,4.568711791949782,2.0,495.0,6,8,2024
2024-08-12,0.0,1.7555533347828214,0.0,4.568711791949782,2.0,495.0,0,8,2024
2024-08-13,0.0,1.7555533347828214,0.0,4.568711791949782,2.0,495.0,1,8,2024
2024-08-14,0.0,1.7555533347828214,0.0,4.568711791949782,2.0,495.0,2,8,2024
2024-08-15,0.0,1.7555533347828214,0.0,4.568711791949782,2.0,495.0,3,8,2024
2024-08-16,0.0,1.7555533347828214,0.0,4.568711791949782,2.0,495.0,4,8,2024
2024-08-17,0.0,1.7555533347828214,0.0,4.568711791949782,2.0,495.0,5,8,2024
2024-08-18,0.0,1.7555533347828214,0.0,4.568711791949782,2.0,495.0,6,8,2024
2024-08-19,0.0,1.7555533347828214,0.0,4.568711791949782,2.0,495.0,0,8,2024
2024-08-20,0.0,1.7555533347828214,0.0,4.568711791949782,2.0,495.0,1,8,2024
2024-08-21,0.0,1.7555533347828214,0.0,4.568711791949782,2.0,495.0,2,8,2024
2024-08-22,1077.0,5.151686852728476,1.0,1.3644512174975558,7.0,262.0,3,8,2024
2024-08-23,0.0,5.151686852728476,0.0,1.3644512174975558,7.0,262.0,4,8,2024
2024-08-24,0.0,5.151686852728476,0.0,1.3644512174975558,7.0,262.0,5,8,2024
2024-08-25,0.0,5.151686852728476,0.0,1.3644512174975558,7.0,262.0,6,8,2024
2024-08-26,0.0,5.151686852728476,0.0,1.3644512174975558,7.0,262.0,0,8,2024
2024-08-27,0.0,5.151686852728476,0.0,1.3644512174975558,7.0,262.0,1,8,2024
2024-08-28,0.0,5.151686852728476,0.0,1.3644512174975558,7.0,262.0,2,8,2024
2024-08-29,0.0,5.151686852728476,0.0,1.3644512174975558,7.0,262.0,3,8,2024
2024-08-30,0.0,5.151686852728476,0.0,1.3644512174975558,7.0,262.0,4,8,2024
2024-08-31,0.0,5.151686852728476,0.0,1.3644512174975558,7.0,262.0,5,8,2024
2024-09-01,0.0,5.151686852728476,0.0,1.3644512174975558,7.0,262.0,6,9,2024
2024-09-02,0.0,5.151686852728476,0.0,1.3644512174975558,7.0,262.0,0,9,2024
2024-09-03,0.0,5.151686852728476,0.0,1.3644512174975558,7.0,262.0,1,9,2024
2024-09-04,0.0,5.151686852728476,0.0,1.3644512174975558,7.0,262.0,2,9,2024
2024-09-05,784.0,18.659107194989165,1.0,13.25422170232055,6.0,83.0,3,9,2024
2024-09-06,1856.0,4.138874847419153,0.0,13.652108426017817,4.0,340.0,4,9,2024
2024-09-07,1754.0,8.407574705889338,1.0,14.877225249497103,9.0,279.0,5,9,2024
2024-09-08,0.0,8.407574705889338,0.0,14.877225249497103,9.0,279.0,6,9,2024
2024-09-09,0.0,8.407574705889338,0.0,14.877225249497103,9.0,279.0,0,9,2024
2024-09-10,0.0,8.407574705889338,0.0,14.877225249497103,9.0,279.0,1,9,2024
2024-09-11,0.0,8.407574705889338,0.0,14.877225249497103,9.0,279.0,2,9,2024
2024-09-12,0.0,8.407574705889338,0.0,14.877225249497103,9.0,279.0,3,9,2024
2024-09-13,0.0,8.407574705889338,0.0,14.877225249497103,9.0,279.0,4,9,2024
2024-09-14,0.0,8.407574705889338,0.0,14.877225249497103,9.0,279.0,5,9,2024
2024-09-15,0.0,8.407574705889338,0.0,14.877225249497103,9.0,279.0,6,9,2024
2024-09-16,0.0,8.407574705889338,0.0,14.877225249497103,9.0,279.0,0,9,2024
2024-09-17,0.0,8.407574705889338,0.0,14.877225249497103,9.0,279.0,1,9,2024
2024-09-18,1475.0,1.039973020341785,0.0,8.525340755042823,7.0,152.0,2,9,2024
